[2026-04-30 19:18:32] Starting SSL renewal check...
2026/04/30 10:23:13 [notice] 38#38: signal process started
[2026-04-30 19:23:13] Done.
[2026-05-01 03:00:01] Starting SSL renewal check...
2026/04/30 18:00:08 [notice] 45#45: signal process started
[2026-05-01 03:00:08] Done.
[2026-05-01 15:00:01] Starting SSL renewal check...
2026/05/01 06:00:06 [notice] 52#52: signal process started
[2026-05-01 15:00:06] Done.
[2026-05-02 03:00:02] Starting SSL renewal check...
2026/05/01 18:00:07 [notice] 59#59: signal process started
[2026-05-02 03:00:07] Done.
[2026-05-02 15:00:01] Starting SSL renewal check...
2026/05/02 06:00:06 [notice] 67#67: signal process started
[2026-05-02 15:00:06] Done.
[2026-05-03 03:00:01] Starting SSL renewal check...
2026/05/02 18:00:04 [notice] 75#75: signal process started
[2026-05-03 03:00:04] Done.
[2026-05-03 15:00:01] Starting SSL renewal check...
2026/05/03 06:00:04 [notice] 83#83: signal process started
[2026-05-03 15:00:04] Done.
[2026-05-04 03:00:01] Starting SSL renewal check...
2026/05/03 18:00:04 [notice] 91#91: signal process started
[2026-05-04 03:00:04] Done.
[2026-05-04 15:00:01] Starting SSL renewal check...
2026/05/04 06:00:05 [notice] 99#99: signal process started
[2026-05-04 15:00:05] Done.
[2026-05-05 03:00:01] Starting SSL renewal check...
2026/05/04 18:00:04 [notice] 106#106: signal process started
[2026-05-05 03:00:04] Done.
[2026-05-05 15:00:01] Starting SSL renewal check...
2026/05/05 06:00:07 [notice] 114#114: signal process started
[2026-05-05 15:00:07] Done.
[2026-05-06 03:00:01] Starting SSL renewal check...
2026/05/05 18:00:03 [notice] 122#122: signal process started
[2026-05-06 03:00:03] Done.
[2026-05-06 15:00:01] Starting SSL renewal check...
2026/05/06 06:00:05 [notice] 129#129: signal process started
[2026-05-06 15:00:05] Done.
[2026-05-07 03:00:01] Starting SSL renewal check...
2026/05/06 18:00:04 [notice] 137#137: signal process started
[2026-05-07 03:00:04] Done.
[2026-05-07 15:00:01] Starting SSL renewal check...
2026/05/07 06:00:06 [notice] 145#145: signal process started
[2026-05-07 15:00:06] Done.
[2026-05-08 03:00:01] Starting SSL renewal check...
2026/05/07 18:00:04 [notice] 152#152: signal process started
[2026-05-08 03:00:04] Done.
[2026-05-08 15:00:01] Starting SSL renewal check...
2026/05/08 06:00:06 [notice] 160#160: signal process started
[2026-05-08 15:00:06] Done.
[2026-05-09 03:00:01] Starting SSL renewal check...
2026/05/08 18:00:04 [notice] 168#168: signal process started
[2026-05-09 03:00:04] Done.
[2026-05-09 15:00:01] Starting SSL renewal check...
2026/05/09 06:00:05 [notice] 175#175: signal process started
[2026-05-09 15:00:05] Done.
[2026-05-10 03:00:01] Starting SSL renewal check...
2026/05/09 18:00:05 [notice] 183#183: signal process started
[2026-05-10 03:00:06] Done.
[2026-05-10 15:00:01] Starting SSL renewal check...
2026/05/10 06:00:04 [notice] 191#191: signal process started
[2026-05-10 15:00:04] Done.
[2026-05-11 03:00:01] Starting SSL renewal check...
no such service: certbot
[2026-05-11 15:00:01] Starting SSL renewal check...
no such service: certbot
[2026-05-12 03:00:01] Starting SSL renewal check...
no such service: certbot
[2026-05-12 15:00:01] Starting SSL renewal check...
no such service: certbot
[2026-05-13 03:00:01] Starting SSL renewal check...
no such service: certbot
[2026-05-13 15:00:01] Starting SSL renewal check...
no such service: certbot
[2026-05-14 03:00:01] Starting SSL renewal check...
no such service: certbot
[2026-05-14 15:00:01] Starting SSL renewal check...
no such service: certbot
[2026-05-15 03:00:01] Starting SSL renewal check...
no such service: certbot
[2026-05-15 15:00:01] Starting SSL renewal check...
no such service: certbot
[2026-05-16 03:00:01] Starting SSL renewal check...
no such service: certbot
[2026-05-16 15:00:01] Starting SSL renewal check...
no such service: certbot
[2026-05-17 03:00:01] Starting SSL renewal check...
no such service: certbot
[2026-05-17 15:00:01] Starting SSL renewal check...
no such service: certbot
[2026-05-18 03:00:01] Starting SSL renewal check...
no such service: certbot
[2026-05-18 15:00:01] Starting SSL renewal check...
no such service: certbot
[2026-05-19 03:00:01] Starting SSL renewal check...
no such service: certbot
[2026-05-19 15:00:01] Starting SSL renewal check...
no such service: certbot
[2026-05-20 03:00:01] Starting SSL renewal check...
no such service: certbot
[2026-05-20 15:00:01] Starting SSL renewal check...
no such service: certbot
[2026-05-21 03:00:01] Starting SSL renewal check...
no such service: certbot
[2026-05-21 15:00:01] Starting SSL renewal check...
no such service: certbot
[2026-05-22 03:00:01] Starting SSL renewal check...
no such service: certbot
[2026-05-22 15:00:01] Starting SSL renewal check...
no such service: certbot
[2026-05-23 03:00:01] Starting SSL renewal check...
no such service: certbot
[2026-05-23 15:00:01] Starting SSL renewal check...
no such service: certbot
[2026-05-24 03:00:01] Starting SSL renewal check...
no such service: certbot
[2026-05-24 15:00:01] Starting SSL renewal check...
no such service: certbot
[2026-05-25 03:00:01] Starting SSL renewal check...
no such service: certbot
[2026-05-25 15:00:01] Starting SSL renewal check...
no such service: certbot
[2026-05-26 03:00:01] Starting SSL renewal check...
no such service: certbot
[2026-05-26 15:00:01] Starting SSL renewal check...
no such service: certbot
[2026-05-27 03:00:01] Starting SSL renewal check...
no such service: certbot
[2026-05-27 15:00:01] Starting SSL renewal check...
no such service: certbot
[2026-05-28 03:00:01] Starting SSL renewal check...
no such service: certbot
[2026-05-28 15:00:02] Starting SSL renewal check...
no such service: certbot
[2026-05-29 03:00:01] Starting SSL renewal check...
no such service: certbot
[2026-05-29 15:00:01] Starting SSL renewal check...
no such service: certbot
[2026-05-30 03:00:01] Starting SSL renewal check...
no such service: certbot
[2026-05-30 15:00:01] Starting SSL renewal check...
no such service: certbot
[2026-05-31 03:00:01] Starting SSL renewal check...
no such service: certbot
[2026-05-31 15:00:01] Starting SSL renewal check...
no such service: certbot
[2026-06-01 03:00:01] Starting SSL renewal check...
no such service: certbot
[2026-06-01 15:00:01] Starting SSL renewal check...
no such service: certbot
[2026-06-02 03:00:01] Starting SSL renewal check...
no such service: certbot
[2026-06-02 15:00:01] Starting SSL renewal check...
no such service: certbot
[2026-06-03 03:00:01] Starting SSL renewal check...
no such service: certbot
[2026-06-03 15:00:01] Starting SSL renewal check...
no such service: certbot
[2026-06-04 03:00:01] Starting SSL renewal check...
no such service: certbot
[2026-06-04 15:00:01] Starting SSL renewal check...
no such service: certbot
[2026-06-05 03:00:01] Starting SSL renewal check...
no such service: certbot
[2026-06-05 15:00:01] Starting SSL renewal check...
no such service: certbot
[2026-06-06 03:00:01] Starting SSL renewal check...
no such service: certbot
[2026-06-06 15:00:01] Starting SSL renewal check...
no such service: certbot
[2026-06-07 03:00:01] Starting SSL renewal check...
no such service: certbot
[2026-06-07 15:00:01] Starting SSL renewal check...
no such service: certbot
[2026-06-08 03:00:01] Starting SSL renewal check...
no such service: certbot
[2026-06-08 15:00:01] Starting SSL renewal check...
no such service: certbot
[2026-06-09 03:00:01] Starting SSL renewal check...
no such service: certbot
[2026-06-09 15:00:01] Starting SSL renewal check...
no such service: certbot
[2026-06-10 03:00:01] Starting SSL renewal check...
no such service: certbot
[2026-06-10 15:00:01] Starting SSL renewal check...
no such service: certbot
[2026-06-11 03:00:01] Starting SSL renewal check...
no such service: certbot
[2026-06-11 15:00:01] Starting SSL renewal check...
no such service: certbot
[2026-06-12 03:00:01] Starting SSL renewal check...
no such service: certbot
[2026-06-12 15:00:01] Starting SSL renewal check...
no such service: certbot
[2026-06-13 03:00:01] Starting SSL renewal check...
no such service: certbot
[2026-06-13 15:00:01] Starting SSL renewal check...
no such service: certbot
[2026-06-14 03:00:01] Starting SSL renewal check...
no such service: certbot
[2026-06-14 15:00:01] Starting SSL renewal check...
no such service: certbot
[2026-06-15 03:00:01] Starting SSL renewal check...
no such service: certbot
[2026-06-15 15:00:01] Starting SSL renewal check...
no such service: certbot
[2026-06-16 03:00:01] Starting SSL renewal check...
no such service: certbot
[2026-06-16 15:00:01] Starting SSL renewal check...
no such service: certbot
[2026-06-17 03:00:01] Starting SSL renewal check...
no such service: certbot
[2026-06-17 15:00:01] Starting SSL renewal check...
no such service: certbot
[2026-06-18 03:00:02] Starting SSL renewal check...
no such service: certbot
[2026-06-18 15:00:01] Starting SSL renewal check...
no such service: certbot
[2026-06-19 03:00:01] Starting SSL renewal check...
no such service: certbot
[2026-06-19 15:00:01] Starting SSL renewal check...
no such service: certbot
[2026-06-20 03:00:01] Starting SSL renewal check...
no such service: certbot
[2026-06-20 15:00:01] Starting SSL renewal check...
no such service: certbot
[2026-06-21 03:00:01] Starting SSL renewal check...
no such service: certbot
[2026-06-21 15:00:01] Starting SSL renewal check...
no such service: certbot
[2026-06-22 03:00:01] Starting SSL renewal check...
no such service: certbot
[2026-06-22 15:00:01] Starting SSL renewal check...
no such service: certbot
[2026-06-23 03:00:01] Starting SSL renewal check...
no such service: certbot
[2026-06-23 15:00:01] Starting SSL renewal check...
no such service: certbot
[2026-06-24 03:00:01] Starting SSL renewal check...
no such service: certbot
[2026-06-24 15:00:01] Starting SSL renewal check...
no such service: certbot
[2026-06-25 03:00:01] Starting SSL renewal check...
no such service: certbot
[2026-06-25 15:00:01] Starting SSL renewal check...
no such service: certbot
[2026-06-26 03:00:01] Starting SSL renewal check...
no such service: certbot
[2026-06-26 15:00:01] Starting SSL renewal check...
no such service: certbot
[2026-06-27 03:00:01] Starting SSL renewal check...
no such service: certbot
[2026-06-27 15:00:01] Starting SSL renewal check...
no such service: certbot
[2026-06-28 03:00:01] Starting SSL renewal check...
no such service: certbot
[2026-06-28 15:00:01] Starting SSL renewal check...
no such service: certbot
[2026-06-29 03:00:01] Starting SSL renewal check...
no such service: certbot
[2026-06-29 15:00:01] Starting SSL renewal check...
no such service: certbot
[2026-06-30 03:00:01] Starting SSL renewal check...
no such service: certbot
[2026-06-30 15:00:01] Starting SSL renewal check...
no such service: certbot
[2026-07-01 03:00:01] Starting SSL renewal check...
no such service: certbot
[2026-07-01 15:00:01] Starting SSL renewal check...
no such service: certbot
[2026-07-02 03:00:01] Starting SSL renewal check...
no such service: certbot
[2026-07-02 15:00:01] Starting SSL renewal check...
no such service: certbot
[2026-07-03 03:00:01] Starting SSL renewal check...
no such service: certbot
[2026-07-03 15:00:01] Starting SSL renewal check...
no such service: certbot
[2026-07-04 03:00:01] Starting SSL renewal check...
no such service: certbot
[2026-07-04 15:00:01] Starting SSL renewal check...
no such service: certbot
[2026-07-05 03:00:02] Starting SSL renewal check...
no such service: certbot
[2026-07-05 15:00:01] Starting SSL renewal check...
no such service: certbot
[2026-07-06 03:00:02] Starting SSL renewal check...
no such service: certbot
[2026-07-06 15:00:01] Starting SSL renewal check...
no such service: certbot
[2026-07-07 03:00:01] Starting SSL renewal check...
no such service: certbot
[2026-07-07 15:00:01] Starting SSL renewal check...
no such service: certbot
[2026-07-08 03:00:01] Starting SSL renewal check...
no such service: certbot
[2026-07-08 15:00:01] Starting SSL renewal check...
no such service: certbot
[2026-07-09 03:00:01] Starting SSL renewal check...
no such service: certbot
[2026-07-09 15:00:01] Starting SSL renewal check...
no such service: certbot
[2026-07-10 03:00:01] Starting SSL renewal check...
no such service: certbot
[2026-07-10 15:00:01] Starting SSL renewal check...
no such service: certbot
[2026-07-11 03:00:01] Starting SSL renewal check...
no such service: certbot
[2026-07-11 15:00:01] Starting SSL renewal check...
no such service: certbot
[2026-07-12 03:00:01] Starting SSL renewal check...
no such service: certbot
[2026-07-12 15:00:02] Starting SSL renewal check...
no such service: certbot
[2026-07-13 03:00:01] Starting SSL renewal check...
no such service: certbot
[2026-07-13 15:00:01] Starting SSL renewal check...
no such service: certbot
[2026-07-14 03:00:01] Starting SSL renewal check...
no such service: certbot
[2026-07-14 15:00:01] Starting SSL renewal check...
no such service: certbot
[2026-07-15 03:00:01] Starting SSL renewal check...
no such service: certbot
[2026-07-15 15:00:01] Starting SSL renewal check...
no such service: certbot
[2026-07-16 03:00:01] Starting SSL renewal check...
no such service: certbot
[2026-07-16 15:00:01] Starting SSL renewal check...
no such service: certbot
[2026-07-17 03:00:01] Starting SSL renewal check...
no such service: certbot
[2026-07-17 15:00:01] Starting SSL renewal check...
no such service: certbot
[2026-07-18 03:00:01] Starting SSL renewal check...
no such service: certbot
[2026-07-18 15:00:01] Starting SSL renewal check...
no such service: certbot
[2026-07-19 03:00:01] Starting SSL renewal check...
no such service: certbot
[2026-07-19 15:00:01] Starting SSL renewal check...
no such service: certbot
[2026-07-20 03:00:01] Starting SSL renewal check...
no such service: certbot
[2026-07-20 15:00:01] Starting SSL renewal check...
no such service: certbot
[2026-07-21 03:00:01] Starting SSL renewal check...
no such service: certbot
[2026-07-21 15:00:01] Starting SSL renewal check...
no such service: certbot
[2026-07-22 03:00:01] Starting SSL renewal check...
no such service: certbot
[2026-07-22 15:00:01] Starting SSL renewal check...
no such service: certbot
[2026-07-23 03:00:01] Starting SSL renewal check...
no such service: certbot
[2026-07-23 15:00:01] Starting SSL renewal check...
no such service: certbot
[2026-07-24 03:00:01] Starting SSL renewal check...
no such service: certbot
[2026-07-24 15:00:01] Starting SSL renewal check...
no such service: certbot
[2026-07-25 03:00:02] Starting SSL renewal check...
no such service: certbot
[2026-07-25 15:00:01] Starting SSL renewal check...
no such service: certbot
[2026-07-26 03:00:01] Starting SSL renewal check...
no such service: certbot
[2026-07-26 15:00:01] Starting SSL renewal check...
no such service: certbot
[2026-07-27 03:00:01] Starting SSL renewal check...
no such service: certbot
[2026-07-27 15:00:01] Starting SSL renewal check...
no such service: certbot
[2026-07-28 03:00:01] Starting SSL renewal check...
no such service: certbot
[2026-07-28 15:00:01] Starting SSL renewal check...
no such service: certbot
[2026-07-29 03:00:01] Starting SSL renewal check...
no such service: certbot
[2026-07-29 15:00:01] Starting SSL renewal check...
no such service: certbot
[2026-07-30 03:00:01] Starting SSL renewal check...
no such service: certbot
[2026-07-30 15:00:01] Starting SSL renewal check...
no such service: certbot
[2026-07-31 03:00:01] Starting SSL renewal check...
no such service: certbot
[2026-07-31 15:00:01] Starting SSL renewal check...
no such service: certbot
[2026-08-01 03:00:01] Starting SSL renewal check...
no such service: certbot
[2026-08-01 15:00:01] Starting SSL renewal check...
no such service: certbot
[2026-08-02 03:00:01] Starting SSL renewal check...
no such service: certbot
[2026-08-02 15:00:01] Starting SSL renewal check...
no such service: certbot
[2026-08-03 03:00:01] Starting SSL renewal check...
no such service: certbot
[2026-08-03 15:00:01] Starting SSL renewal check...
no such service: certbot
[2026-08-04 03:00:01] Starting SSL renewal check...
no such service: certbot
[2026-08-04 15:00:01] Starting SSL renewal check...
no such service: certbot
[2026-08-05 03:00:01] Starting SSL renewal check...
no such service: certbot
[2026-08-05 15:00:01] Starting SSL renewal check...
no such service: certbot
[2026-08-06 03:00:01] Starting SSL renewal check...
no such service: certbot
[2026-08-06 15:00:01] Starting SSL renewal check...
no such service: certbot
[2026-08-07 03:00:02] Starting SSL renewal check...
no such service: certbot
[2026-08-07 15:00:01] Starting SSL renewal check...
no such service: certbot
[2026-08-08 03:00:01] Starting SSL renewal check...
no such service: certbot
[2026-08-08 15:00:01] Starting SSL renewal check...
no such service: certbot
[2026-08-09 03:00:01] Starting SSL renewal check...
no such service: certbot
[2026-08-09 15:00:01] Starting SSL renewal check...
no such service: certbot
[2026-08-10 03:00:01] Starting SSL renewal check...
no such service: certbot
[2026-08-10 15:00:01] Starting SSL renewal check...
no such service: certbot
[2026-08-11 03:00:01] Starting SSL renewal check...
no such service: certbot
[2026-08-11 15:00:01] Starting SSL renewal check...
no such service: certbot
[2026-08-12 03:00:01] Starting SSL renewal check...
no such service: certbot
[2026-08-12 15:00:01] Starting SSL renewal check...
no such service: certbot
[2026-08-13 03:00:01] === SSL証明書更新チェック開始 ===
[2026-08-13 03:00:01] main_nginx 停止中...
main_nginx
[2026-08-13 03:00:04] main_nginx 停止完了
[2026-08-13 03:00:04] certbot renew 実行中...
Saving debug log to /var/log/letsencrypt/letsencrypt.log

- - - - - - - - - - - - - - - - - - - - - - - - - - - - - - - - - - - - - - - -
Processing /etc/letsencrypt/renewal/sanseitoaichi12.f5.si.conf
- - - - - - - - - - - - - - - - - - - - - - - - - - - - - - - - - - - - - - - -
Certificate not yet due for renewal

- - - - - - - - - - - - - - - - - - - - - - - - - - - - - - - - - - - - - - - -
The following certificates are not due for renewal yet:
  /etc/letsencrypt/live/sanseitoaichi12.f5.si/fullchain.pem expires on 2026-11-10 (skipped)
No renewals were attempted.
- - - - - - - - - - - - - - - - - - - - - - - - - - - - - - - - - - - - - - - -
[2026-08-13 03:00:11] certbot renew 完了
[2026-08-13 03:00:11] main_nginx 起動中...
main_nginx
Error response from daemon: endpoint with name main_nginx already exists in network receipt_input_receipt_network
Error response from daemon: endpoint with name main_nginx already exists in network fastapi_nginx_project_activity_network
[2026-08-13 03:00:12] main_nginx 起動完了
[2026-08-13 03:00:17] nginx 設定リロード中...
2026/08/12 18:00:17 [warn] 24#24: the "listen ... http2" directive is deprecated, use the "http2" directive instead in /etc/nginx/nginx.conf:23
nginx: [warn] the "listen ... http2" directive is deprecated, use the "http2" directive instead in /etc/nginx/nginx.conf:23
2026/08/12 18:00:17 [warn] 24#24: the "listen ... http2" directive is deprecated, use the "http2" directive instead in /etc/nginx/nginx.conf:50
nginx: [warn] the "listen ... http2" directive is deprecated, use the "http2" directive instead in /etc/nginx/nginx.conf:50
2026/08/12 18:00:17 [notice] 24#24: signal process started
[2026-08-13 03:00:17] nginx リロード完了
[2026-08-13 03:00:17] 結果: 更新不要（期限まで余裕あり）
[2026-08-13 03:00:17] === 完了 ===

[2026-08-13 15:00:01] === SSL証明書更新チェック開始 ===
[2026-08-13 15:00:01] main_nginx 停止中...
main_nginx
[2026-08-13 15:00:02] main_nginx 停止完了
[2026-08-13 15:00:02] certbot renew 実行中...
Saving debug log to /var/log/letsencrypt/letsencrypt.log

- - - - - - - - - - - - - - - - - - - - - - - - - - - - - - - - - - - - - - - -
Processing /etc/letsencrypt/renewal/sanseitoaichi12.f5.si.conf
- - - - - - - - - - - - - - - - - - - - - - - - - - - - - - - - - - - - - - - -
Certificate not yet due for renewal

- - - - - - - - - - - - - - - - - - - - - - - - - - - - - - - - - - - - - - - -
The following certificates are not due for renewal yet:
  /etc/letsencrypt/live/sanseitoaichi12.f5.si/fullchain.pem expires on 2026-11-10 (skipped)
No renewals were attempted.
- - - - - - - - - - - - - - - - - - - - - - - - - - - - - - - - - - - - - - - -
[2026-08-13 15:00:06] certbot renew 完了
[2026-08-13 15:00:06] main_nginx 起動中...
main_nginx
Error response from daemon: endpoint with name main_nginx already exists in network receipt_input_receipt_network
Error response from daemon: endpoint with name main_nginx already exists in network fastapi_nginx_project_activity_network
[2026-08-13 15:00:07] main_nginx 起動完了
[2026-08-13 15:00:12] nginx 設定リロード中...
2026/08/13 06:00:12 [warn] 23#23: the "listen ... http2" directive is deprecated, use the "http2" directive instead in /etc/nginx/nginx.conf:23
nginx: [warn] the "listen ... http2" directive is deprecated, use the "http2" directive instead in /etc/nginx/nginx.conf:23
2026/08/13 06:00:12 [warn] 23#23: the "listen ... http2" directive is deprecated, use the "http2" directive instead in /etc/nginx/nginx.conf:50
nginx: [warn] the "listen ... http2" directive is deprecated, use the "http2" directive instead in /etc/nginx/nginx.conf:50
2026/08/13 06:00:12 [notice] 23#23: signal process started
[2026-08-13 15:00:12] nginx リロード完了
[2026-08-13 15:00:12] 結果: 更新不要（期限まで余裕あり）
[2026-08-13 15:00:12] === 完了 ===

[2026-08-14 03:00:01] === SSL証明書更新チェック開始 ===
[2026-08-14 03:00:01] main_nginx 停止中...
main_nginx
[2026-08-14 03:00:03] main_nginx 停止完了
[2026-08-14 03:00:03] certbot renew 実行中...
Saving debug log to /var/log/letsencrypt/letsencrypt.log

- - - - - - - - - - - - - - - - - - - - - - - - - - - - - - - - - - - - - - - -
Processing /etc/letsencrypt/renewal/sanseitoaichi12.f5.si.conf
- - - - - - - - - - - - - - - - - - - - - - - - - - - - - - - - - - - - - - - -
Certificate not yet due for renewal

- - - - - - - - - - - - - - - - - - - - - - - - - - - - - - - - - - - - - - - -
The following certificates are not due for renewal yet:
  /etc/letsencrypt/live/sanseitoaichi12.f5.si/fullchain.pem expires on 2026-11-10 (skipped)
No renewals were attempted.
- - - - - - - - - - - - - - - - - - - - - - - - - - - - - - - - - - - - - - - -
[2026-08-14 03:00:08] certbot renew 完了
[2026-08-14 03:00:08] main_nginx 起動中...
main_nginx
Error response from daemon: endpoint with name main_nginx already exists in network receipt_input_receipt_network
Error response from daemon: endpoint with name main_nginx already exists in network fastapi_nginx_project_activity_network
[2026-08-14 03:00:10] main_nginx 起動完了
[2026-08-14 03:00:15] nginx 設定リロード中...
2026/08/13 18:00:15 [warn] 23#23: the "listen ... http2" directive is deprecated, use the "http2" directive instead in /etc/nginx/nginx.conf:23
nginx: [warn] the "listen ... http2" directive is deprecated, use the "http2" directive instead in /etc/nginx/nginx.conf:23
2026/08/13 18:00:15 [warn] 23#23: the "listen ... http2" directive is deprecated, use the "http2" directive instead in /etc/nginx/nginx.conf:50
nginx: [warn] the "listen ... http2" directive is deprecated, use the "http2" directive instead in /etc/nginx/nginx.conf:50
2026/08/13 18:00:15 [notice] 23#23: signal process started
[2026-08-14 03:00:15] nginx リロード完了
[2026-08-14 03:00:15] 結果: 更新不要（期限まで余裕あり）
[2026-08-14 03:00:15] === 完了 ===

[2026-08-14 15:00:01] === SSL証明書更新チェック開始 ===
[2026-08-14 15:00:01] main_nginx 停止中...
main_nginx
[2026-08-14 15:00:02] main_nginx 停止完了
[2026-08-14 15:00:02] certbot renew 実行中...
Saving debug log to /var/log/letsencrypt/letsencrypt.log

- - - - - - - - - - - - - - - - - - - - - - - - - - - - - - - - - - - - - - - -
Processing /etc/letsencrypt/renewal/sanseitoaichi12.f5.si.conf
- - - - - - - - - - - - - - - - - - - - - - - - - - - - - - - - - - - - - - - -
Certificate not yet due for renewal

- - - - - - - - - - - - - - - - - - - - - - - - - - - - - - - - - - - - - - - -
The following certificates are not due for renewal yet:
  /etc/letsencrypt/live/sanseitoaichi12.f5.si/fullchain.pem expires on 2026-11-10 (skipped)
No renewals were attempted.
- - - - - - - - - - - - - - - - - - - - - - - - - - - - - - - - - - - - - - - -
[2026-08-14 15:00:06] certbot renew 完了
[2026-08-14 15:00:06] main_nginx 起動中...
main_nginx
Error response from daemon: endpoint with name main_nginx already exists in network receipt_input_receipt_network
Error response from daemon: endpoint with name main_nginx already exists in network fastapi_nginx_project_activity_network
[2026-08-14 15:00:07] main_nginx 起動完了
[2026-08-14 15:00:12] nginx 設定リロード中...
2026/08/14 06:00:12 [warn] 23#23: the "listen ... http2" directive is deprecated, use the "http2" directive instead in /etc/nginx/nginx.conf:23
nginx: [warn] the "listen ... http2" directive is deprecated, use the "http2" directive instead in /etc/nginx/nginx.conf:23
2026/08/14 06:00:12 [warn] 23#23: the "listen ... http2" directive is deprecated, use the "http2" directive instead in /etc/nginx/nginx.conf:50
nginx: [warn] the "listen ... http2" directive is deprecated, use the "http2" directive instead in /etc/nginx/nginx.conf:50
2026/08/14 06:00:12 [notice] 23#23: signal process started
[2026-08-14 15:00:12] nginx リロード完了
[2026-08-14 15:00:12] 結果: 更新不要（期限まで余裕あり）
[2026-08-14 15:00:12] === 完了 ===

[2026-08-15 03:00:01] === SSL証明書更新チェック開始 ===
[2026-08-15 03:00:01] main_nginx 停止中...
main_nginx
[2026-08-15 03:00:03] main_nginx 停止完了
[2026-08-15 03:00:03] certbot renew 実行中...
Saving debug log to /var/log/letsencrypt/letsencrypt.log

- - - - - - - - - - - - - - - - - - - - - - - - - - - - - - - - - - - - - - - -
Processing /etc/letsencrypt/renewal/sanseitoaichi12.f5.si.conf
- - - - - - - - - - - - - - - - - - - - - - - - - - - - - - - - - - - - - - - -
Certificate not yet due for renewal

- - - - - - - - - - - - - - - - - - - - - - - - - - - - - - - - - - - - - - - -
The following certificates are not due for renewal yet:
  /etc/letsencrypt/live/sanseitoaichi12.f5.si/fullchain.pem expires on 2026-11-10 (skipped)
No renewals were attempted.
- - - - - - - - - - - - - - - - - - - - - - - - - - - - - - - - - - - - - - - -
[2026-08-15 03:00:10] certbot renew 完了
[2026-08-15 03:00:10] main_nginx 起動中...
main_nginx
Error response from daemon: endpoint with name main_nginx already exists in network receipt_input_receipt_network
Error response from daemon: endpoint with name main_nginx already exists in network fastapi_nginx_project_activity_network
[2026-08-15 03:00:11] main_nginx 起動完了
[2026-08-15 03:00:16] nginx 設定リロード中...
2026/08/14 18:00:16 [warn] 23#23: the "listen ... http2" directive is deprecated, use the "http2" directive instead in /etc/nginx/nginx.conf:23
nginx: [warn] the "listen ... http2" directive is deprecated, use the "http2" directive instead in /etc/nginx/nginx.conf:23
2026/08/14 18:00:16 [warn] 23#23: the "listen ... http2" directive is deprecated, use the "http2" directive instead in /etc/nginx/nginx.conf:50
nginx: [warn] the "listen ... http2" directive is deprecated, use the "http2" directive instead in /etc/nginx/nginx.conf:50
2026/08/14 18:00:16 [notice] 23#23: signal process started
[2026-08-15 03:00:16] nginx リロード完了
[2026-08-15 03:00:16] 結果: 更新不要（期限まで余裕あり）
[2026-08-15 03:00:16] === 完了 ===

[2026-08-15 15:00:01] === SSL証明書更新チェック開始 ===
[2026-08-15 15:00:01] main_nginx 停止中...
main_nginx
[2026-08-15 15:00:02] main_nginx 停止完了
[2026-08-15 15:00:02] certbot renew 実行中...
Saving debug log to /var/log/letsencrypt/letsencrypt.log

- - - - - - - - - - - - - - - - - - - - - - - - - - - - - - - - - - - - - - - -
Processing /etc/letsencrypt/renewal/sanseitoaichi12.f5.si.conf
- - - - - - - - - - - - - - - - - - - - - - - - - - - - - - - - - - - - - - - -
Certificate not yet due for renewal

- - - - - - - - - - - - - - - - - - - - - - - - - - - - - - - - - - - - - - - -
The following certificates are not due for renewal yet:
  /etc/letsencrypt/live/sanseitoaichi12.f5.si/fullchain.pem expires on 2026-11-10 (skipped)
No renewals were attempted.
- - - - - - - - - - - - - - - - - - - - - - - - - - - - - - - - - - - - - - - -
[2026-08-15 15:00:05] certbot renew 完了
[2026-08-15 15:00:05] main_nginx 起動中...
main_nginx
Error response from daemon: endpoint with name main_nginx already exists in network receipt_input_receipt_network
Error response from daemon: endpoint with name main_nginx already exists in network fastapi_nginx_project_activity_network
[2026-08-15 15:00:06] main_nginx 起動完了
[2026-08-15 15:00:11] nginx 設定リロード中...
2026/08/15 06:00:11 [warn] 23#23: the "listen ... http2" directive is deprecated, use the "http2" directive instead in /etc/nginx/nginx.conf:23
nginx: [warn] the "listen ... http2" directive is deprecated, use the "http2" directive instead in /etc/nginx/nginx.conf:23
2026/08/15 06:00:11 [warn] 23#23: the "listen ... http2" directive is deprecated, use the "http2" directive instead in /etc/nginx/nginx.conf:50
nginx: [warn] the "listen ... http2" directive is deprecated, use the "http2" directive instead in /etc/nginx/nginx.conf:50
2026/08/15 06:00:11 [notice] 23#23: signal process started
[2026-08-15 15:00:11] nginx リロード完了
[2026-08-15 15:00:11] 結果: 更新不要（期限まで余裕あり）
[2026-08-15 15:00:11] === 完了 ===

[2026-08-16 03:00:01] === SSL証明書更新チェック開始 ===
[2026-08-16 03:00:01] main_nginx 停止中...
main_nginx
[2026-08-16 03:00:02] main_nginx 停止完了
[2026-08-16 03:00:02] certbot renew 実行中...
Saving debug log to /var/log/letsencrypt/letsencrypt.log

- - - - - - - - - - - - - - - - - - - - - - - - - - - - - - - - - - - - - - - -
Processing /etc/letsencrypt/renewal/sanseitoaichi12.f5.si.conf
- - - - - - - - - - - - - - - - - - - - - - - - - - - - - - - - - - - - - - - -
Certificate not yet due for renewal

- - - - - - - - - - - - - - - - - - - - - - - - - - - - - - - - - - - - - - - -
The following certificates are not due for renewal yet:
  /etc/letsencrypt/live/sanseitoaichi12.f5.si/fullchain.pem expires on 2026-11-10 (skipped)
No renewals were attempted.
- - - - - - - - - - - - - - - - - - - - - - - - - - - - - - - - - - - - - - - -
[2026-08-16 03:00:06] certbot renew 完了
[2026-08-16 03:00:06] main_nginx 起動中...
main_nginx
Error response from daemon: endpoint with name main_nginx already exists in network receipt_input_receipt_network
Error response from daemon: endpoint with name main_nginx already exists in network fastapi_nginx_project_activity_network
[2026-08-16 03:00:07] main_nginx 起動完了
[2026-08-16 03:00:12] nginx 設定リロード中...
2026/08/15 18:00:12 [warn] 23#23: the "listen ... http2" directive is deprecated, use the "http2" directive instead in /etc/nginx/nginx.conf:23
nginx: [warn] the "listen ... http2" directive is deprecated, use the "http2" directive instead in /etc/nginx/nginx.conf:23
2026/08/15 18:00:12 [warn] 23#23: the "listen ... http2" directive is deprecated, use the "http2" directive instead in /etc/nginx/nginx.conf:50
nginx: [warn] the "listen ... http2" directive is deprecated, use the "http2" directive instead in /etc/nginx/nginx.conf:50
2026/08/15 18:00:12 [notice] 23#23: signal process started
[2026-08-16 03:00:12] nginx リロード完了
[2026-08-16 03:00:12] 結果: 更新不要（期限まで余裕あり）
[2026-08-16 03:00:12] === 完了 ===

[2026-08-16 15:00:01] === SSL証明書更新チェック開始 ===
[2026-08-16 15:00:01] main_nginx 停止中...
main_nginx
[2026-08-16 15:00:03] main_nginx 停止完了
[2026-08-16 15:00:03] certbot renew 実行中...
Saving debug log to /var/log/letsencrypt/letsencrypt.log

- - - - - - - - - - - - - - - - - - - - - - - - - - - - - - - - - - - - - - - -
Processing /etc/letsencrypt/renewal/sanseitoaichi12.f5.si.conf
- - - - - - - - - - - - - - - - - - - - - - - - - - - - - - - - - - - - - - - -
Certificate not yet due for renewal

- - - - - - - - - - - - - - - - - - - - - - - - - - - - - - - - - - - - - - - -
The following certificates are not due for renewal yet:
  /etc/letsencrypt/live/sanseitoaichi12.f5.si/fullchain.pem expires on 2026-11-10 (skipped)
No renewals were attempted.
- - - - - - - - - - - - - - - - - - - - - - - - - - - - - - - - - - - - - - - -
[2026-08-16 15:00:07] certbot renew 完了
[2026-08-16 15:00:07] main_nginx 起動中...
main_nginx
Error response from daemon: endpoint with name main_nginx already exists in network receipt_input_receipt_network
Error response from daemon: endpoint with name main_nginx already exists in network fastapi_nginx_project_activity_network
[2026-08-16 15:00:09] main_nginx 起動完了
[2026-08-16 15:00:14] nginx 設定リロード中...
2026/08/16 06:00:14 [warn] 23#23: the "listen ... http2" directive is deprecated, use the "http2" directive instead in /etc/nginx/nginx.conf:23
nginx: [warn] the "listen ... http2" directive is deprecated, use the "http2" directive instead in /etc/nginx/nginx.conf:23
2026/08/16 06:00:14 [warn] 23#23: the "listen ... http2" directive is deprecated, use the "http2" directive instead in /etc/nginx/nginx.conf:50
nginx: [warn] the "listen ... http2" directive is deprecated, use the "http2" directive instead in /etc/nginx/nginx.conf:50
2026/08/16 06:00:14 [notice] 23#23: signal process started
[2026-08-16 15:00:14] nginx リロード完了
[2026-08-16 15:00:14] 結果: 更新不要（期限まで余裕あり）
[2026-08-16 15:00:14] === 完了 ===

[2026-08-17 03:00:01] === SSL証明書更新チェック開始 ===
[2026-08-17 03:00:01] main_nginx 停止中...
main_nginx
[2026-08-17 03:00:04] main_nginx 停止完了
[2026-08-17 03:00:04] certbot renew 実行中...
Saving debug log to /var/log/letsencrypt/letsencrypt.log

- - - - - - - - - - - - - - - - - - - - - - - - - - - - - - - - - - - - - - - -
Processing /etc/letsencrypt/renewal/sanseitoaichi12.f5.si.conf
- - - - - - - - - - - - - - - - - - - - - - - - - - - - - - - - - - - - - - - -
Certificate not yet due for renewal

- - - - - - - - - - - - - - - - - - - - - - - - - - - - - - - - - - - - - - - -
The following certificates are not due for renewal yet:
  /etc/letsencrypt/live/sanseitoaichi12.f5.si/fullchain.pem expires on 2026-11-10 (skipped)
No renewals were attempted.
- - - - - - - - - - - - - - - - - - - - - - - - - - - - - - - - - - - - - - - -
[2026-08-17 03:00:09] certbot renew 完了
[2026-08-17 03:00:09] main_nginx 起動中...
main_nginx
Error response from daemon: endpoint with name main_nginx already exists in network receipt_input_receipt_network
Error response from daemon: endpoint with name main_nginx already exists in network fastapi_nginx_project_activity_network
[2026-08-17 03:00:11] main_nginx 起動完了
[2026-08-17 03:00:16] nginx 設定リロード中...
2026/08/16 18:00:16 [warn] 24#24: the "listen ... http2" directive is deprecated, use the "http2" directive instead in /etc/nginx/nginx.conf:23
nginx: [warn] the "listen ... http2" directive is deprecated, use the "http2" directive instead in /etc/nginx/nginx.conf:23
2026/08/16 18:00:16 [warn] 24#24: the "listen ... http2" directive is deprecated, use the "http2" directive instead in /etc/nginx/nginx.conf:50
nginx: [warn] the "listen ... http2" directive is deprecated, use the "http2" directive instead in /etc/nginx/nginx.conf:50
2026/08/16 18:00:16 [notice] 24#24: signal process started
[2026-08-17 03:00:16] nginx リロード完了
[2026-08-17 03:00:16] 結果: 更新不要（期限まで余裕あり）
[2026-08-17 03:00:16] === 完了 ===

[2026-08-17 15:00:01] === SSL証明書更新チェック開始 ===
[2026-08-17 15:00:01] main_nginx 停止中...
main_nginx
[2026-08-17 15:00:01] main_nginx 停止完了
[2026-08-17 15:00:01] certbot renew 実行中...
Saving debug log to /var/log/letsencrypt/letsencrypt.log

- - - - - - - - - - - - - - - - - - - - - - - - - - - - - - - - - - - - - - - -
Processing /etc/letsencrypt/renewal/sanseitoaichi12.f5.si.conf
- - - - - - - - - - - - - - - - - - - - - - - - - - - - - - - - - - - - - - - -
Certificate not yet due for renewal

- - - - - - - - - - - - - - - - - - - - - - - - - - - - - - - - - - - - - - - -
The following certificates are not due for renewal yet:
  /etc/letsencrypt/live/sanseitoaichi12.f5.si/fullchain.pem expires on 2026-11-10 (skipped)
No renewals were attempted.
- - - - - - - - - - - - - - - - - - - - - - - - - - - - - - - - - - - - - - - -
[2026-08-17 15:00:03] certbot renew 完了
[2026-08-17 15:00:03] main_nginx 起動中...
main_nginx
Error response from daemon: endpoint with name main_nginx already exists in network receipt_input_receipt_network
Error response from daemon: endpoint with name main_nginx already exists in network fastapi_nginx_project_activity_network
[2026-08-17 15:00:05] main_nginx 起動完了
[2026-08-17 15:00:10] nginx 設定リロード中...
2026/08/17 06:00:10 [warn] 23#23: the "listen ... http2" directive is deprecated, use the "http2" directive instead in /etc/nginx/nginx.conf:23
nginx: [warn] the "listen ... http2" directive is deprecated, use the "http2" directive instead in /etc/nginx/nginx.conf:23
2026/08/17 06:00:10 [warn] 23#23: the "listen ... http2" directive is deprecated, use the "http2" directive instead in /etc/nginx/nginx.conf:50
nginx: [warn] the "listen ... http2" directive is deprecated, use the "http2" directive instead in /etc/nginx/nginx.conf:50
2026/08/17 06:00:10 [notice] 23#23: signal process started
[2026-08-17 15:00:10] nginx リロード完了
[2026-08-17 15:00:10] 結果: 更新不要（期限まで余裕あり）
[2026-08-17 15:00:10] === 完了 ===

[2026-08-18 03:00:01] === SSL証明書更新チェック開始 ===
[2026-08-18 03:00:01] main_nginx 停止中...
main_nginx
[2026-08-18 03:00:02] main_nginx 停止完了
[2026-08-18 03:00:02] certbot renew 実行中...
Saving debug log to /var/log/letsencrypt/letsencrypt.log

- - - - - - - - - - - - - - - - - - - - - - - - - - - - - - - - - - - - - - - -
Processing /etc/letsencrypt/renewal/sanseitoaichi12.f5.si.conf
- - - - - - - - - - - - - - - - - - - - - - - - - - - - - - - - - - - - - - - -
Certificate not yet due for renewal

- - - - - - - - - - - - - - - - - - - - - - - - - - - - - - - - - - - - - - - -
The following certificates are not due for renewal yet:
  /etc/letsencrypt/live/sanseitoaichi12.f5.si/fullchain.pem expires on 2026-11-10 (skipped)
No renewals were attempted.
- - - - - - - - - - - - - - - - - - - - - - - - - - - - - - - - - - - - - - - -
[2026-08-18 03:00:04] certbot renew 完了
[2026-08-18 03:00:04] main_nginx 起動中...
main_nginx
Error response from daemon: endpoint with name main_nginx already exists in network receipt_input_receipt_network
Error response from daemon: endpoint with name main_nginx already exists in network fastapi_nginx_project_activity_network
[2026-08-18 03:00:06] main_nginx 起動完了
[2026-08-18 03:00:11] nginx 設定リロード中...
2026/08/17 18:00:11 [warn] 23#23: the "listen ... http2" directive is deprecated, use the "http2" directive instead in /etc/nginx/nginx.conf:23
nginx: [warn] the "listen ... http2" directive is deprecated, use the "http2" directive instead in /etc/nginx/nginx.conf:23
2026/08/17 18:00:11 [warn] 23#23: the "listen ... http2" directive is deprecated, use the "http2" directive instead in /etc/nginx/nginx.conf:50
nginx: [warn] the "listen ... http2" directive is deprecated, use the "http2" directive instead in /etc/nginx/nginx.conf:50
2026/08/17 18:00:11 [notice] 23#23: signal process started
[2026-08-18 03:00:11] nginx リロード完了
[2026-08-18 03:00:11] 結果: 更新不要（期限まで余裕あり）
[2026-08-18 03:00:11] === 完了 ===

[2026-08-18 15:00:01] === SSL証明書更新チェック開始 ===
[2026-08-18 15:00:01] main_nginx 停止中...
main_nginx
[2026-08-18 15:00:03] main_nginx 停止完了
[2026-08-18 15:00:03] certbot renew 実行中...
Saving debug log to /var/log/letsencrypt/letsencrypt.log

- - - - - - - - - - - - - - - - - - - - - - - - - - - - - - - - - - - - - - - -
Processing /etc/letsencrypt/renewal/sanseitoaichi12.f5.si.conf
- - - - - - - - - - - - - - - - - - - - - - - - - - - - - - - - - - - - - - - -
Certificate not yet due for renewal

- - - - - - - - - - - - - - - - - - - - - - - - - - - - - - - - - - - - - - - -
The following certificates are not due for renewal yet:
  /etc/letsencrypt/live/sanseitoaichi12.f5.si/fullchain.pem expires on 2026-11-10 (skipped)
No renewals were attempted.
- - - - - - - - - - - - - - - - - - - - - - - - - - - - - - - - - - - - - - - -
[2026-08-18 15:00:06] certbot renew 完了
[2026-08-18 15:00:06] main_nginx 起動中...
main_nginx
Error response from daemon: endpoint with name main_nginx already exists in network receipt_input_receipt_network
Error response from daemon: endpoint with name main_nginx already exists in network fastapi_nginx_project_activity_network
[2026-08-18 15:00:07] main_nginx 起動完了
[2026-08-18 15:00:12] nginx 設定リロード中...
2026/08/18 06:00:12 [warn] 24#24: the "listen ... http2" directive is deprecated, use the "http2" directive instead in /etc/nginx/nginx.conf:23
nginx: [warn] the "listen ... http2" directive is deprecated, use the "http2" directive instead in /etc/nginx/nginx.conf:23
2026/08/18 06:00:12 [warn] 24#24: the "listen ... http2" directive is deprecated, use the "http2" directive instead in /etc/nginx/nginx.conf:50
nginx: [warn] the "listen ... http2" directive is deprecated, use the "http2" directive instead in /etc/nginx/nginx.conf:50
2026/08/18 06:00:12 [notice] 24#24: signal process started
[2026-08-18 15:00:12] nginx リロード完了
[2026-08-18 15:00:12] 結果: 更新不要（期限まで余裕あり）
[2026-08-18 15:00:12] === 完了 ===

[2026-08-19 03:00:02] === SSL証明書更新チェック開始 ===
[2026-08-19 03:00:02] main_nginx 停止中...
main_nginx
[2026-08-19 03:00:04] main_nginx 停止完了
[2026-08-19 03:00:04] certbot renew 実行中...
Saving debug log to /var/log/letsencrypt/letsencrypt.log

- - - - - - - - - - - - - - - - - - - - - - - - - - - - - - - - - - - - - - - -
Processing /etc/letsencrypt/renewal/sanseitoaichi12.f5.si.conf
- - - - - - - - - - - - - - - - - - - - - - - - - - - - - - - - - - - - - - - -
Certificate not yet due for renewal

- - - - - - - - - - - - - - - - - - - - - - - - - - - - - - - - - - - - - - - -
The following certificates are not due for renewal yet:
  /etc/letsencrypt/live/sanseitoaichi12.f5.si/fullchain.pem expires on 2026-11-10 (skipped)
No renewals were attempted.
- - - - - - - - - - - - - - - - - - - - - - - - - - - - - - - - - - - - - - - -
[2026-08-19 03:00:10] certbot renew 完了
[2026-08-19 03:00:10] main_nginx 起動中...
main_nginx
Error response from daemon: endpoint with name main_nginx already exists in network receipt_input_receipt_network
Error response from daemon: endpoint with name main_nginx already exists in network fastapi_nginx_project_activity_network
[2026-08-19 03:00:12] main_nginx 起動完了
[2026-08-19 03:00:17] nginx 設定リロード中...
2026/08/18 18:00:17 [warn] 23#23: the "listen ... http2" directive is deprecated, use the "http2" directive instead in /etc/nginx/nginx.conf:23
nginx: [warn] the "listen ... http2" directive is deprecated, use the "http2" directive instead in /etc/nginx/nginx.conf:23
2026/08/18 18:00:17 [warn] 23#23: the "listen ... http2" directive is deprecated, use the "http2" directive instead in /etc/nginx/nginx.conf:50
nginx: [warn] the "listen ... http2" directive is deprecated, use the "http2" directive instead in /etc/nginx/nginx.conf:50
2026/08/18 18:00:17 [notice] 23#23: signal process started
[2026-08-19 03:00:17] nginx リロード完了
[2026-08-19 03:00:17] 結果: 更新不要（期限まで余裕あり）
[2026-08-19 03:00:17] === 完了 ===

[2026-08-19 15:00:01] === SSL証明書更新チェック開始 ===
[2026-08-19 15:00:01] main_nginx 停止中...
main_nginx
[2026-08-19 15:00:02] main_nginx 停止完了
[2026-08-19 15:00:02] certbot renew 実行中...
Saving debug log to /var/log/letsencrypt/letsencrypt.log

- - - - - - - - - - - - - - - - - - - - - - - - - - - - - - - - - - - - - - - -
Processing /etc/letsencrypt/renewal/sanseitoaichi12.f5.si.conf
- - - - - - - - - - - - - - - - - - - - - - - - - - - - - - - - - - - - - - - -
Certificate not yet due for renewal

- - - - - - - - - - - - - - - - - - - - - - - - - - - - - - - - - - - - - - - -
The following certificates are not due for renewal yet:
  /etc/letsencrypt/live/sanseitoaichi12.f5.si/fullchain.pem expires on 2026-11-10 (skipped)
No renewals were attempted.
- - - - - - - - - - - - - - - - - - - - - - - - - - - - - - - - - - - - - - - -
[2026-08-19 15:00:05] certbot renew 完了
[2026-08-19 15:00:05] main_nginx 起動中...
main_nginx
Error response from daemon: endpoint with name main_nginx already exists in network receipt_input_receipt_network
Error response from daemon: endpoint with name main_nginx already exists in network fastapi_nginx_project_activity_network
[2026-08-19 15:00:06] main_nginx 起動完了
[2026-08-19 15:00:11] nginx 設定リロード中...
2026/08/19 06:00:11 [warn] 23#23: the "listen ... http2" directive is deprecated, use the "http2" directive instead in /etc/nginx/nginx.conf:23
nginx: [warn] the "listen ... http2" directive is deprecated, use the "http2" directive instead in /etc/nginx/nginx.conf:23
2026/08/19 06:00:11 [warn] 23#23: the "listen ... http2" directive is deprecated, use the "http2" directive instead in /etc/nginx/nginx.conf:50
nginx: [warn] the "listen ... http2" directive is deprecated, use the "http2" directive instead in /etc/nginx/nginx.conf:50
2026/08/19 06:00:11 [notice] 23#23: signal process started
[2026-08-19 15:00:11] nginx リロード完了
[2026-08-19 15:00:11] 結果: 更新不要（期限まで余裕あり）
[2026-08-19 15:00:11] === 完了 ===

[2026-08-20 03:00:01] === SSL証明書更新チェック開始 ===
[2026-08-20 03:00:01] main_nginx 停止中...
main_nginx
[2026-08-20 03:00:05] main_nginx 停止完了
[2026-08-20 03:00:05] certbot renew 実行中...
Saving debug log to /var/log/letsencrypt/letsencrypt.log

- - - - - - - - - - - - - - - - - - - - - - - - - - - - - - - - - - - - - - - -
Processing /etc/letsencrypt/renewal/sanseitoaichi12.f5.si.conf
- - - - - - - - - - - - - - - - - - - - - - - - - - - - - - - - - - - - - - - -
Certificate not yet due for renewal

- - - - - - - - - - - - - - - - - - - - - - - - - - - - - - - - - - - - - - - -
The following certificates are not due for renewal yet:
  /etc/letsencrypt/live/sanseitoaichi12.f5.si/fullchain.pem expires on 2026-11-10 (skipped)
No renewals were attempted.
- - - - - - - - - - - - - - - - - - - - - - - - - - - - - - - - - - - - - - - -
[2026-08-20 03:00:11] certbot renew 完了
[2026-08-20 03:00:11] main_nginx 起動中...
main_nginx
Error response from daemon: endpoint with name main_nginx already exists in network receipt_input_receipt_network
Error response from daemon: endpoint with name main_nginx already exists in network fastapi_nginx_project_activity_network
[2026-08-20 03:00:12] main_nginx 起動完了
[2026-08-20 03:00:17] nginx 設定リロード中...
2026/08/19 18:00:18 [warn] 24#24: the "listen ... http2" directive is deprecated, use the "http2" directive instead in /etc/nginx/nginx.conf:23
nginx: [warn] the "listen ... http2" directive is deprecated, use the "http2" directive instead in /etc/nginx/nginx.conf:23
2026/08/19 18:00:18 [warn] 24#24: the "listen ... http2" directive is deprecated, use the "http2" directive instead in /etc/nginx/nginx.conf:50
nginx: [warn] the "listen ... http2" directive is deprecated, use the "http2" directive instead in /etc/nginx/nginx.conf:50
2026/08/19 18:00:18 [notice] 24#24: signal process started
[2026-08-20 03:00:18] nginx リロード完了
[2026-08-20 03:00:18] 結果: 更新不要（期限まで余裕あり）
[2026-08-20 03:00:18] === 完了 ===

[2026-08-20 15:00:01] === SSL証明書更新チェック開始 ===
[2026-08-20 15:00:01] main_nginx 停止中...
main_nginx
[2026-08-20 15:00:03] main_nginx 停止完了
[2026-08-20 15:00:03] certbot renew 実行中...
Saving debug log to /var/log/letsencrypt/letsencrypt.log

- - - - - - - - - - - - - - - - - - - - - - - - - - - - - - - - - - - - - - - -
Processing /etc/letsencrypt/renewal/sanseitoaichi12.f5.si.conf
- - - - - - - - - - - - - - - - - - - - - - - - - - - - - - - - - - - - - - - -
Certificate not yet due for renewal

- - - - - - - - - - - - - - - - - - - - - - - - - - - - - - - - - - - - - - - -
The following certificates are not due for renewal yet:
  /etc/letsencrypt/live/sanseitoaichi12.f5.si/fullchain.pem expires on 2026-11-10 (skipped)
No renewals were attempted.
- - - - - - - - - - - - - - - - - - - - - - - - - - - - - - - - - - - - - - - -
[2026-08-20 15:00:08] certbot renew 完了
[2026-08-20 15:00:08] main_nginx 起動中...
main_nginx
Error response from daemon: endpoint with name main_nginx already exists in network receipt_input_receipt_network
Error response from daemon: endpoint with name main_nginx already exists in network fastapi_nginx_project_activity_network
[2026-08-20 15:00:09] main_nginx 起動完了
[2026-08-20 15:00:14] nginx 設定リロード中...
2026/08/20 06:00:15 [warn] 23#23: the "listen ... http2" directive is deprecated, use the "http2" directive instead in /etc/nginx/nginx.conf:23
nginx: [warn] the "listen ... http2" directive is deprecated, use the "http2" directive instead in /etc/nginx/nginx.conf:23
2026/08/20 06:00:15 [warn] 23#23: the "listen ... http2" directive is deprecated, use the "http2" directive instead in /etc/nginx/nginx.conf:50
nginx: [warn] the "listen ... http2" directive is deprecated, use the "http2" directive instead in /etc/nginx/nginx.conf:50
2026/08/20 06:00:15 [notice] 23#23: signal process started
[2026-08-20 15:00:15] nginx リロード完了
[2026-08-20 15:00:15] 結果: 更新不要（期限まで余裕あり）
[2026-08-20 15:00:15] === 完了 ===

[2026-08-21 03:00:01] === SSL証明書更新チェック開始 ===
[2026-08-21 03:00:01] main_nginx 停止中...
main_nginx
[2026-08-21 03:00:02] main_nginx 停止完了
[2026-08-21 03:00:02] certbot renew 実行中...
Saving debug log to /var/log/letsencrypt/letsencrypt.log

- - - - - - - - - - - - - - - - - - - - - - - - - - - - - - - - - - - - - - - -
Processing /etc/letsencrypt/renewal/sanseitoaichi12.f5.si.conf
- - - - - - - - - - - - - - - - - - - - - - - - - - - - - - - - - - - - - - - -
Certificate not yet due for renewal

- - - - - - - - - - - - - - - - - - - - - - - - - - - - - - - - - - - - - - - -
The following certificates are not due for renewal yet:
  /etc/letsencrypt/live/sanseitoaichi12.f5.si/fullchain.pem expires on 2026-11-10 (skipped)
No renewals were attempted.
- - - - - - - - - - - - - - - - - - - - - - - - - - - - - - - - - - - - - - - -
[2026-08-21 03:00:05] certbot renew 完了
[2026-08-21 03:00:05] main_nginx 起動中...
main_nginx
Error response from daemon: endpoint with name main_nginx already exists in network receipt_input_receipt_network
Error response from daemon: endpoint with name main_nginx already exists in network fastapi_nginx_project_activity_network
[2026-08-21 03:00:07] main_nginx 起動完了
[2026-08-21 03:00:12] nginx 設定リロード中...
2026/08/20 18:00:12 [warn] 23#23: the "listen ... http2" directive is deprecated, use the "http2" directive instead in /etc/nginx/nginx.conf:23
nginx: [warn] the "listen ... http2" directive is deprecated, use the "http2" directive instead in /etc/nginx/nginx.conf:23
2026/08/20 18:00:12 [warn] 23#23: the "listen ... http2" directive is deprecated, use the "http2" directive instead in /etc/nginx/nginx.conf:50
nginx: [warn] the "listen ... http2" directive is deprecated, use the "http2" directive instead in /etc/nginx/nginx.conf:50
2026/08/20 18:00:12 [notice] 23#23: signal process started
[2026-08-21 03:00:12] nginx リロード完了
[2026-08-21 03:00:12] 結果: 更新不要（期限まで余裕あり）
[2026-08-21 03:00:12] === 完了 ===

[2026-08-21 15:00:01] === SSL証明書更新チェック開始 ===
[2026-08-21 15:00:01] main_nginx 停止中...
main_nginx
[2026-08-21 15:00:03] main_nginx 停止完了
[2026-08-21 15:00:03] certbot renew 実行中...
Saving debug log to /var/log/letsencrypt/letsencrypt.log

- - - - - - - - - - - - - - - - - - - - - - - - - - - - - - - - - - - - - - - -
Processing /etc/letsencrypt/renewal/sanseitoaichi12.f5.si.conf
- - - - - - - - - - - - - - - - - - - - - - - - - - - - - - - - - - - - - - - -
Certificate not yet due for renewal

- - - - - - - - - - - - - - - - - - - - - - - - - - - - - - - - - - - - - - - -
The following certificates are not due for renewal yet:
  /etc/letsencrypt/live/sanseitoaichi12.f5.si/fullchain.pem expires on 2026-11-10 (skipped)
No renewals were attempted.
- - - - - - - - - - - - - - - - - - - - - - - - - - - - - - - - - - - - - - - -
[2026-08-21 15:00:08] certbot renew 完了
[2026-08-21 15:00:08] main_nginx 起動中...
main_nginx
Error response from daemon: endpoint with name main_nginx already exists in network receipt_input_receipt_network
Error response from daemon: endpoint with name main_nginx already exists in network fastapi_nginx_project_activity_network
[2026-08-21 15:00:10] main_nginx 起動完了
[2026-08-21 15:00:15] nginx 設定リロード中...
2026/08/21 06:00:15 [warn] 24#24: the "listen ... http2" directive is deprecated, use the "http2" directive instead in /etc/nginx/nginx.conf:23
nginx: [warn] the "listen ... http2" directive is deprecated, use the "http2" directive instead in /etc/nginx/nginx.conf:23
2026/08/21 06:00:15 [warn] 24#24: the "listen ... http2" directive is deprecated, use the "http2" directive instead in /etc/nginx/nginx.conf:50
nginx: [warn] the "listen ... http2" directive is deprecated, use the "http2" directive instead in /etc/nginx/nginx.conf:50
2026/08/21 06:00:15 [notice] 24#24: signal process started
[2026-08-21 15:00:15] nginx リロード完了
[2026-08-21 15:00:15] 結果: 更新不要（期限まで余裕あり）
[2026-08-21 15:00:15] === 完了 ===

[2026-08-22 03:00:01] === SSL証明書更新チェック開始 ===
[2026-08-22 03:00:01] main_nginx 停止中...
main_nginx
[2026-08-22 03:00:04] main_nginx 停止完了
[2026-08-22 03:00:04] certbot renew 実行中...
Saving debug log to /var/log/letsencrypt/letsencrypt.log

- - - - - - - - - - - - - - - - - - - - - - - - - - - - - - - - - - - - - - - -
Processing /etc/letsencrypt/renewal/sanseitoaichi12.f5.si.conf
- - - - - - - - - - - - - - - - - - - - - - - - - - - - - - - - - - - - - - - -
Certificate not yet due for renewal

- - - - - - - - - - - - - - - - - - - - - - - - - - - - - - - - - - - - - - - -
The following certificates are not due for renewal yet:
  /etc/letsencrypt/live/sanseitoaichi12.f5.si/fullchain.pem expires on 2026-11-10 (skipped)
No renewals were attempted.
- - - - - - - - - - - - - - - - - - - - - - - - - - - - - - - - - - - - - - - -
[2026-08-22 03:00:09] certbot renew 完了
[2026-08-22 03:00:09] main_nginx 起動中...
main_nginx
Error response from daemon: endpoint with name main_nginx already exists in network receipt_input_receipt_network
Error response from daemon: endpoint with name main_nginx already exists in network fastapi_nginx_project_activity_network
[2026-08-22 03:00:10] main_nginx 起動完了
[2026-08-22 03:00:15] nginx 設定リロード中...
2026/08/21 18:00:15 [warn] 24#24: the "listen ... http2" directive is deprecated, use the "http2" directive instead in /etc/nginx/nginx.conf:23
nginx: [warn] the "listen ... http2" directive is deprecated, use the "http2" directive instead in /etc/nginx/nginx.conf:23
2026/08/21 18:00:15 [warn] 24#24: the "listen ... http2" directive is deprecated, use the "http2" directive instead in /etc/nginx/nginx.conf:50
nginx: [warn] the "listen ... http2" directive is deprecated, use the "http2" directive instead in /etc/nginx/nginx.conf:50
2026/08/21 18:00:15 [notice] 24#24: signal process started
[2026-08-22 03:00:15] nginx リロード完了
[2026-08-22 03:00:15] 結果: 更新不要（期限まで余裕あり）
[2026-08-22 03:00:15] === 完了 ===

[2026-08-22 15:00:02] === SSL証明書更新チェック開始 ===
[2026-08-22 15:00:02] main_nginx 停止中...
main_nginx
[2026-08-22 15:00:05] main_nginx 停止完了
[2026-08-22 15:00:05] certbot renew 実行中...
Saving debug log to /var/log/letsencrypt/letsencrypt.log

- - - - - - - - - - - - - - - - - - - - - - - - - - - - - - - - - - - - - - - -
Processing /etc/letsencrypt/renewal/sanseitoaichi12.f5.si.conf
- - - - - - - - - - - - - - - - - - - - - - - - - - - - - - - - - - - - - - - -
Certificate not yet due for renewal

- - - - - - - - - - - - - - - - - - - - - - - - - - - - - - - - - - - - - - - -
The following certificates are not due for renewal yet:
  /etc/letsencrypt/live/sanseitoaichi12.f5.si/fullchain.pem expires on 2026-11-10 (skipped)
No renewals were attempted.
- - - - - - - - - - - - - - - - - - - - - - - - - - - - - - - - - - - - - - - -
[2026-08-22 15:00:08] certbot renew 完了
[2026-08-22 15:00:08] main_nginx 起動中...
main_nginx
Error response from daemon: endpoint with name main_nginx already exists in network receipt_input_receipt_network
Error response from daemon: endpoint with name main_nginx already exists in network fastapi_nginx_project_activity_network
[2026-08-22 15:00:10] main_nginx 起動完了
[2026-08-22 15:00:15] nginx 設定リロード中...
2026/08/22 06:00:15 [warn] 23#23: the "listen ... http2" directive is deprecated, use the "http2" directive instead in /etc/nginx/nginx.conf:23
nginx: [warn] the "listen ... http2" directive is deprecated, use the "http2" directive instead in /etc/nginx/nginx.conf:23
2026/08/22 06:00:15 [warn] 23#23: the "listen ... http2" directive is deprecated, use the "http2" directive instead in /etc/nginx/nginx.conf:50
nginx: [warn] the "listen ... http2" directive is deprecated, use the "http2" directive instead in /etc/nginx/nginx.conf:50
2026/08/22 06:00:15 [notice] 23#23: signal process started
[2026-08-22 15:00:15] nginx リロード完了
[2026-08-22 15:00:15] 結果: 更新不要（期限まで余裕あり）
[2026-08-22 15:00:15] === 完了 ===

[2026-08-23 03:00:01] === SSL証明書更新チェック開始 ===
[2026-08-23 03:00:01] main_nginx 停止中...
main_nginx
[2026-08-23 03:00:04] main_nginx 停止完了
[2026-08-23 03:00:04] certbot renew 実行中...
Saving debug log to /var/log/letsencrypt/letsencrypt.log

- - - - - - - - - - - - - - - - - - - - - - - - - - - - - - - - - - - - - - - -
Processing /etc/letsencrypt/renewal/sanseitoaichi12.f5.si.conf
- - - - - - - - - - - - - - - - - - - - - - - - - - - - - - - - - - - - - - - -
Certificate not yet due for renewal

- - - - - - - - - - - - - - - - - - - - - - - - - - - - - - - - - - - - - - - -
The following certificates are not due for renewal yet:
  /etc/letsencrypt/live/sanseitoaichi12.f5.si/fullchain.pem expires on 2026-11-10 (skipped)
No renewals were attempted.
- - - - - - - - - - - - - - - - - - - - - - - - - - - - - - - - - - - - - - - -
[2026-08-23 03:00:08] certbot renew 完了
[2026-08-23 03:00:08] main_nginx 起動中...
main_nginx
Error response from daemon: endpoint with name main_nginx already exists in network receipt_input_receipt_network
Error response from daemon: endpoint with name main_nginx already exists in network fastapi_nginx_project_activity_network
[2026-08-23 03:00:09] main_nginx 起動完了
[2026-08-23 03:00:14] nginx 設定リロード中...
2026/08/22 18:00:14 [warn] 23#23: the "listen ... http2" directive is deprecated, use the "http2" directive instead in /etc/nginx/nginx.conf:23
nginx: [warn] the "listen ... http2" directive is deprecated, use the "http2" directive instead in /etc/nginx/nginx.conf:23
2026/08/22 18:00:14 [warn] 23#23: the "listen ... http2" directive is deprecated, use the "http2" directive instead in /etc/nginx/nginx.conf:50
nginx: [warn] the "listen ... http2" directive is deprecated, use the "http2" directive instead in /etc/nginx/nginx.conf:50
2026/08/22 18:00:14 [notice] 23#23: signal process started
[2026-08-23 03:00:14] nginx リロード完了
[2026-08-23 03:00:14] 結果: 更新不要（期限まで余裕あり）
[2026-08-23 03:00:14] === 完了 ===

[2026-08-23 15:00:01] === SSL証明書更新チェック開始 ===
[2026-08-23 15:00:01] main_nginx 停止中...
main_nginx
[2026-08-23 15:00:02] main_nginx 停止完了
[2026-08-23 15:00:02] certbot renew 実行中...
Saving debug log to /var/log/letsencrypt/letsencrypt.log

- - - - - - - - - - - - - - - - - - - - - - - - - - - - - - - - - - - - - - - -
Processing /etc/letsencrypt/renewal/sanseitoaichi12.f5.si.conf
- - - - - - - - - - - - - - - - - - - - - - - - - - - - - - - - - - - - - - - -
Certificate not yet due for renewal

- - - - - - - - - - - - - - - - - - - - - - - - - - - - - - - - - - - - - - - -
The following certificates are not due for renewal yet:
  /etc/letsencrypt/live/sanseitoaichi12.f5.si/fullchain.pem expires on 2026-11-10 (skipped)
No renewals were attempted.
- - - - - - - - - - - - - - - - - - - - - - - - - - - - - - - - - - - - - - - -
[2026-08-23 15:00:06] certbot renew 完了
[2026-08-23 15:00:06] main_nginx 起動中...
main_nginx
Error response from daemon: endpoint with name main_nginx already exists in network receipt_input_receipt_network
Error response from daemon: endpoint with name main_nginx already exists in network fastapi_nginx_project_activity_network
[2026-08-23 15:00:08] main_nginx 起動完了
[2026-08-23 15:00:13] nginx 設定リロード中...
2026/08/23 06:00:13 [warn] 24#24: the "listen ... http2" directive is deprecated, use the "http2" directive instead in /etc/nginx/nginx.conf:23
nginx: [warn] the "listen ... http2" directive is deprecated, use the "http2" directive instead in /etc/nginx/nginx.conf:23
2026/08/23 06:00:13 [warn] 24#24: the "listen ... http2" directive is deprecated, use the "http2" directive instead in /etc/nginx/nginx.conf:50
nginx: [warn] the "listen ... http2" directive is deprecated, use the "http2" directive instead in /etc/nginx/nginx.conf:50
2026/08/23 06:00:13 [notice] 24#24: signal process started
[2026-08-23 15:00:13] nginx リロード完了
[2026-08-23 15:00:13] 結果: 更新不要（期限まで余裕あり）
[2026-08-23 15:00:13] === 完了 ===

[2026-08-24 03:00:01] === SSL証明書更新チェック開始 ===
[2026-08-24 03:00:01] main_nginx 停止中...
main_nginx
[2026-08-24 03:00:05] main_nginx 停止完了
[2026-08-24 03:00:05] certbot renew 実行中...
Saving debug log to /var/log/letsencrypt/letsencrypt.log

- - - - - - - - - - - - - - - - - - - - - - - - - - - - - - - - - - - - - - - -
Processing /etc/letsencrypt/renewal/sanseitoaichi12.f5.si.conf
- - - - - - - - - - - - - - - - - - - - - - - - - - - - - - - - - - - - - - - -
Certificate not yet due for renewal

- - - - - - - - - - - - - - - - - - - - - - - - - - - - - - - - - - - - - - - -
The following certificates are not due for renewal yet:
  /etc/letsencrypt/live/sanseitoaichi12.f5.si/fullchain.pem expires on 2026-11-10 (skipped)
No renewals were attempted.
- - - - - - - - - - - - - - - - - - - - - - - - - - - - - - - - - - - - - - - -
[2026-08-24 03:00:09] certbot renew 完了
[2026-08-24 03:00:09] main_nginx 起動中...
main_nginx
Error response from daemon: endpoint with name main_nginx already exists in network receipt_input_receipt_network
Error response from daemon: endpoint with name main_nginx already exists in network fastapi_nginx_project_activity_network
[2026-08-24 03:00:11] main_nginx 起動完了
[2026-08-24 03:00:16] nginx 設定リロード中...
2026/08/23 18:00:16 [warn] 23#23: the "listen ... http2" directive is deprecated, use the "http2" directive instead in /etc/nginx/nginx.conf:23
nginx: [warn] the "listen ... http2" directive is deprecated, use the "http2" directive instead in /etc/nginx/nginx.conf:23
2026/08/23 18:00:16 [warn] 23#23: the "listen ... http2" directive is deprecated, use the "http2" directive instead in /etc/nginx/nginx.conf:50
nginx: [warn] the "listen ... http2" directive is deprecated, use the "http2" directive instead in /etc/nginx/nginx.conf:50
2026/08/23 18:00:16 [notice] 23#23: signal process started
[2026-08-24 03:00:16] nginx リロード完了
[2026-08-24 03:00:16] 結果: 更新不要（期限まで余裕あり）
[2026-08-24 03:00:16] === 完了 ===

[2026-08-24 15:00:01] === SSL証明書更新チェック開始 ===
[2026-08-24 15:00:01] main_nginx 停止中...
main_nginx
[2026-08-24 15:00:03] main_nginx 停止完了
[2026-08-24 15:00:03] certbot renew 実行中...
Saving debug log to /var/log/letsencrypt/letsencrypt.log

- - - - - - - - - - - - - - - - - - - - - - - - - - - - - - - - - - - - - - - -
Processing /etc/letsencrypt/renewal/sanseitoaichi12.f5.si.conf
- - - - - - - - - - - - - - - - - - - - - - - - - - - - - - - - - - - - - - - -
Certificate not yet due for renewal

- - - - - - - - - - - - - - - - - - - - - - - - - - - - - - - - - - - - - - - -
The following certificates are not due for renewal yet:
  /etc/letsencrypt/live/sanseitoaichi12.f5.si/fullchain.pem expires on 2026-11-10 (skipped)
No renewals were attempted.
- - - - - - - - - - - - - - - - - - - - - - - - - - - - - - - - - - - - - - - -
[2026-08-24 15:00:07] certbot renew 完了
[2026-08-24 15:00:07] main_nginx 起動中...
main_nginx
Error response from daemon: endpoint with name main_nginx already exists in network receipt_input_receipt_network
Error response from daemon: endpoint with name main_nginx already exists in network fastapi_nginx_project_activity_network
[2026-08-24 15:00:09] main_nginx 起動完了
[2026-08-24 15:00:14] nginx 設定リロード中...
2026/08/24 06:00:14 [warn] 23#23: the "listen ... http2" directive is deprecated, use the "http2" directive instead in /etc/nginx/nginx.conf:23
nginx: [warn] the "listen ... http2" directive is deprecated, use the "http2" directive instead in /etc/nginx/nginx.conf:23
2026/08/24 06:00:14 [warn] 23#23: the "listen ... http2" directive is deprecated, use the "http2" directive instead in /etc/nginx/nginx.conf:50
nginx: [warn] the "listen ... http2" directive is deprecated, use the "http2" directive instead in /etc/nginx/nginx.conf:50
2026/08/24 06:00:14 [notice] 23#23: signal process started
[2026-08-24 15:00:14] nginx リロード完了
[2026-08-24 15:00:14] 結果: 更新不要（期限まで余裕あり）
[2026-08-24 15:00:14] === 完了 ===

[2026-08-25 03:00:01] === SSL証明書更新チェック開始 ===
[2026-08-25 03:00:01] main_nginx 停止中...
main_nginx
[2026-08-25 03:00:02] main_nginx 停止完了
[2026-08-25 03:00:02] certbot renew 実行中...
Saving debug log to /var/log/letsencrypt/letsencrypt.log

- - - - - - - - - - - - - - - - - - - - - - - - - - - - - - - - - - - - - - - -
Processing /etc/letsencrypt/renewal/sanseitoaichi12.f5.si.conf
- - - - - - - - - - - - - - - - - - - - - - - - - - - - - - - - - - - - - - - -
Certificate not yet due for renewal

- - - - - - - - - - - - - - - - - - - - - - - - - - - - - - - - - - - - - - - -
The following certificates are not due for renewal yet:
  /etc/letsencrypt/live/sanseitoaichi12.f5.si/fullchain.pem expires on 2026-11-10 (skipped)
No renewals were attempted.
- - - - - - - - - - - - - - - - - - - - - - - - - - - - - - - - - - - - - - - -
[2026-08-25 03:00:04] certbot renew 完了
[2026-08-25 03:00:04] main_nginx 起動中...
main_nginx
Error response from daemon: endpoint with name main_nginx already exists in network receipt_input_receipt_network
Error response from daemon: endpoint with name main_nginx already exists in network fastapi_nginx_project_activity_network
[2026-08-25 03:00:05] main_nginx 起動完了
[2026-08-25 03:00:10] nginx 設定リロード中...
2026/08/24 18:00:11 [warn] 23#23: the "listen ... http2" directive is deprecated, use the "http2" directive instead in /etc/nginx/nginx.conf:23
nginx: [warn] the "listen ... http2" directive is deprecated, use the "http2" directive instead in /etc/nginx/nginx.conf:23
2026/08/24 18:00:11 [warn] 23#23: the "listen ... http2" directive is deprecated, use the "http2" directive instead in /etc/nginx/nginx.conf:50
nginx: [warn] the "listen ... http2" directive is deprecated, use the "http2" directive instead in /etc/nginx/nginx.conf:50
2026/08/24 18:00:11 [notice] 23#23: signal process started
[2026-08-25 03:00:11] nginx リロード完了
[2026-08-25 03:00:11] 結果: 更新不要（期限まで余裕あり）
[2026-08-25 03:00:11] === 完了 ===

[2026-08-25 15:00:01] === SSL証明書更新チェック開始 ===
[2026-08-25 15:00:01] main_nginx 停止中...
main_nginx
[2026-08-25 15:00:03] main_nginx 停止完了
[2026-08-25 15:00:03] certbot renew 実行中...
Saving debug log to /var/log/letsencrypt/letsencrypt.log

- - - - - - - - - - - - - - - - - - - - - - - - - - - - - - - - - - - - - - - -
Processing /etc/letsencrypt/renewal/sanseitoaichi12.f5.si.conf
- - - - - - - - - - - - - - - - - - - - - - - - - - - - - - - - - - - - - - - -
Certificate not yet due for renewal

- - - - - - - - - - - - - - - - - - - - - - - - - - - - - - - - - - - - - - - -
The following certificates are not due for renewal yet:
  /etc/letsencrypt/live/sanseitoaichi12.f5.si/fullchain.pem expires on 2026-11-10 (skipped)
No renewals were attempted.
- - - - - - - - - - - - - - - - - - - - - - - - - - - - - - - - - - - - - - - -
[2026-08-25 15:00:07] certbot renew 完了
[2026-08-25 15:00:07] main_nginx 起動中...
main_nginx
Error response from daemon: endpoint with name main_nginx already exists in network receipt_input_receipt_network
Error response from daemon: endpoint with name main_nginx already exists in network fastapi_nginx_project_activity_network
[2026-08-25 15:00:08] main_nginx 起動完了
[2026-08-25 15:00:13] nginx 設定リロード中...
2026/08/25 06:00:13 [warn] 23#23: the "listen ... http2" directive is deprecated, use the "http2" directive instead in /etc/nginx/nginx.conf:23
nginx: [warn] the "listen ... http2" directive is deprecated, use the "http2" directive instead in /etc/nginx/nginx.conf:23
2026/08/25 06:00:13 [warn] 23#23: the "listen ... http2" directive is deprecated, use the "http2" directive instead in /etc/nginx/nginx.conf:50
nginx: [warn] the "listen ... http2" directive is deprecated, use the "http2" directive instead in /etc/nginx/nginx.conf:50
2026/08/25 06:00:13 [notice] 23#23: signal process started
[2026-08-25 15:00:13] nginx リロード完了
[2026-08-25 15:00:13] 結果: 更新不要（期限まで余裕あり）
[2026-08-25 15:00:13] === 完了 ===

[2026-08-26 03:00:01] === SSL証明書更新チェック開始 ===
[2026-08-26 03:00:01] main_nginx 停止中...
main_nginx
[2026-08-26 03:00:02] main_nginx 停止完了
[2026-08-26 03:00:02] certbot renew 実行中...
Saving debug log to /var/log/letsencrypt/letsencrypt.log

- - - - - - - - - - - - - - - - - - - - - - - - - - - - - - - - - - - - - - - -
Processing /etc/letsencrypt/renewal/sanseitoaichi12.f5.si.conf
- - - - - - - - - - - - - - - - - - - - - - - - - - - - - - - - - - - - - - - -
Certificate not yet due for renewal

- - - - - - - - - - - - - - - - - - - - - - - - - - - - - - - - - - - - - - - -
The following certificates are not due for renewal yet:
  /etc/letsencrypt/live/sanseitoaichi12.f5.si/fullchain.pem expires on 2026-11-10 (skipped)
No renewals were attempted.
- - - - - - - - - - - - - - - - - - - - - - - - - - - - - - - - - - - - - - - -
[2026-08-26 03:00:05] certbot renew 完了
[2026-08-26 03:00:05] main_nginx 起動中...
main_nginx
Error response from daemon: endpoint with name main_nginx already exists in network receipt_input_receipt_network
Error response from daemon: endpoint with name main_nginx already exists in network fastapi_nginx_project_activity_network
[2026-08-26 03:00:07] main_nginx 起動完了
[2026-08-26 03:00:12] nginx 設定リロード中...
2026/08/25 18:00:12 [warn] 23#23: the "listen ... http2" directive is deprecated, use the "http2" directive instead in /etc/nginx/nginx.conf:23
nginx: [warn] the "listen ... http2" directive is deprecated, use the "http2" directive instead in /etc/nginx/nginx.conf:23
2026/08/25 18:00:12 [warn] 23#23: the "listen ... http2" directive is deprecated, use the "http2" directive instead in /etc/nginx/nginx.conf:50
nginx: [warn] the "listen ... http2" directive is deprecated, use the "http2" directive instead in /etc/nginx/nginx.conf:50
2026/08/25 18:00:12 [notice] 23#23: signal process started
[2026-08-26 03:00:12] nginx リロード完了
[2026-08-26 03:00:12] 結果: 更新不要（期限まで余裕あり）
[2026-08-26 03:00:12] === 完了 ===

[2026-08-26 15:00:01] === SSL証明書更新チェック開始 ===
[2026-08-26 15:00:01] main_nginx 停止中...
main_nginx
[2026-08-26 15:00:03] main_nginx 停止完了
[2026-08-26 15:00:03] certbot renew 実行中...
Saving debug log to /var/log/letsencrypt/letsencrypt.log

- - - - - - - - - - - - - - - - - - - - - - - - - - - - - - - - - - - - - - - -
Processing /etc/letsencrypt/renewal/sanseitoaichi12.f5.si.conf
- - - - - - - - - - - - - - - - - - - - - - - - - - - - - - - - - - - - - - - -
Certificate not yet due for renewal

- - - - - - - - - - - - - - - - - - - - - - - - - - - - - - - - - - - - - - - -
The following certificates are not due for renewal yet:
  /etc/letsencrypt/live/sanseitoaichi12.f5.si/fullchain.pem expires on 2026-11-10 (skipped)
No renewals were attempted.
- - - - - - - - - - - - - - - - - - - - - - - - - - - - - - - - - - - - - - - -
[2026-08-26 15:00:07] certbot renew 完了
[2026-08-26 15:00:07] main_nginx 起動中...
main_nginx
Error response from daemon: endpoint with name main_nginx already exists in network receipt_input_receipt_network
Error response from daemon: endpoint with name main_nginx already exists in network fastapi_nginx_project_activity_network
[2026-08-26 15:00:08] main_nginx 起動完了
[2026-08-26 15:00:13] nginx 設定リロード中...
2026/08/26 06:00:13 [warn] 24#24: the "listen ... http2" directive is deprecated, use the "http2" directive instead in /etc/nginx/nginx.conf:23
nginx: [warn] the "listen ... http2" directive is deprecated, use the "http2" directive instead in /etc/nginx/nginx.conf:23
2026/08/26 06:00:13 [warn] 24#24: the "listen ... http2" directive is deprecated, use the "http2" directive instead in /etc/nginx/nginx.conf:50
nginx: [warn] the "listen ... http2" directive is deprecated, use the "http2" directive instead in /etc/nginx/nginx.conf:50
2026/08/26 06:00:13 [notice] 24#24: signal process started
[2026-08-26 15:00:13] nginx リロード完了
[2026-08-26 15:00:13] 結果: 更新不要（期限まで余裕あり）
[2026-08-26 15:00:13] === 完了 ===

[2026-08-27 03:00:01] === SSL証明書更新チェック開始 ===
[2026-08-27 03:00:01] main_nginx 停止中...
main_nginx
[2026-08-27 03:00:03] main_nginx 停止完了
[2026-08-27 03:00:03] certbot renew 実行中...
Saving debug log to /var/log/letsencrypt/letsencrypt.log

- - - - - - - - - - - - - - - - - - - - - - - - - - - - - - - - - - - - - - - -
Processing /etc/letsencrypt/renewal/sanseitoaichi12.f5.si.conf
- - - - - - - - - - - - - - - - - - - - - - - - - - - - - - - - - - - - - - - -
Certificate not yet due for renewal

- - - - - - - - - - - - - - - - - - - - - - - - - - - - - - - - - - - - - - - -
The following certificates are not due for renewal yet:
  /etc/letsencrypt/live/sanseitoaichi12.f5.si/fullchain.pem expires on 2026-11-10 (skipped)
No renewals were attempted.
- - - - - - - - - - - - - - - - - - - - - - - - - - - - - - - - - - - - - - - -
[2026-08-27 03:00:07] certbot renew 完了
[2026-08-27 03:00:07] main_nginx 起動中...
main_nginx
Error response from daemon: endpoint with name main_nginx already exists in network receipt_input_receipt_network
Error response from daemon: endpoint with name main_nginx already exists in network fastapi_nginx_project_activity_network
[2026-08-27 03:00:08] main_nginx 起動完了
[2026-08-27 03:00:13] nginx 設定リロード中...
2026/08/26 18:00:13 [warn] 23#23: the "listen ... http2" directive is deprecated, use the "http2" directive instead in /etc/nginx/nginx.conf:23
nginx: [warn] the "listen ... http2" directive is deprecated, use the "http2" directive instead in /etc/nginx/nginx.conf:23
2026/08/26 18:00:13 [warn] 23#23: the "listen ... http2" directive is deprecated, use the "http2" directive instead in /etc/nginx/nginx.conf:50
nginx: [warn] the "listen ... http2" directive is deprecated, use the "http2" directive instead in /etc/nginx/nginx.conf:50
2026/08/26 18:00:13 [notice] 23#23: signal process started
[2026-08-27 03:00:13] nginx リロード完了
[2026-08-27 03:00:13] 結果: 更新不要（期限まで余裕あり）
[2026-08-27 03:00:13] === 完了 ===

[2026-08-27 15:00:01] === SSL証明書更新チェック開始 ===
[2026-08-27 15:00:01] main_nginx 停止中...
main_nginx
[2026-08-27 15:00:03] main_nginx 停止完了
[2026-08-27 15:00:03] certbot renew 実行中...
Saving debug log to /var/log/letsencrypt/letsencrypt.log

- - - - - - - - - - - - - - - - - - - - - - - - - - - - - - - - - - - - - - - -
Processing /etc/letsencrypt/renewal/sanseitoaichi12.f5.si.conf
- - - - - - - - - - - - - - - - - - - - - - - - - - - - - - - - - - - - - - - -
Certificate not yet due for renewal

- - - - - - - - - - - - - - - - - - - - - - - - - - - - - - - - - - - - - - - -
The following certificates are not due for renewal yet:
  /etc/letsencrypt/live/sanseitoaichi12.f5.si/fullchain.pem expires on 2026-11-10 (skipped)
No renewals were attempted.
- - - - - - - - - - - - - - - - - - - - - - - - - - - - - - - - - - - - - - - -
[2026-08-27 15:00:07] certbot renew 完了
[2026-08-27 15:00:07] main_nginx 起動中...
main_nginx
Error response from daemon: endpoint with name main_nginx already exists in network receipt_input_receipt_network
Error response from daemon: endpoint with name main_nginx already exists in network fastapi_nginx_project_activity_network
[2026-08-27 15:00:09] main_nginx 起動完了
[2026-08-27 15:00:14] nginx 設定リロード中...
2026/08/27 06:00:14 [warn] 23#23: the "listen ... http2" directive is deprecated, use the "http2" directive instead in /etc/nginx/nginx.conf:23
nginx: [warn] the "listen ... http2" directive is deprecated, use the "http2" directive instead in /etc/nginx/nginx.conf:23
2026/08/27 06:00:14 [warn] 23#23: the "listen ... http2" directive is deprecated, use the "http2" directive instead in /etc/nginx/nginx.conf:50
nginx: [warn] the "listen ... http2" directive is deprecated, use the "http2" directive instead in /etc/nginx/nginx.conf:50
2026/08/27 06:00:14 [notice] 23#23: signal process started
[2026-08-27 15:00:14] nginx リロード完了
[2026-08-27 15:00:14] 結果: 更新不要（期限まで余裕あり）
[2026-08-27 15:00:14] === 完了 ===

[2026-08-28 03:00:01] === SSL証明書更新チェック開始 ===
[2026-08-28 03:00:01] main_nginx 停止中...
main_nginx
[2026-08-28 03:00:03] main_nginx 停止完了
[2026-08-28 03:00:03] certbot renew 実行中...
Saving debug log to /var/log/letsencrypt/letsencrypt.log

- - - - - - - - - - - - - - - - - - - - - - - - - - - - - - - - - - - - - - - -
Processing /etc/letsencrypt/renewal/sanseitoaichi12.f5.si.conf
- - - - - - - - - - - - - - - - - - - - - - - - - - - - - - - - - - - - - - - -
Certificate not yet due for renewal

- - - - - - - - - - - - - - - - - - - - - - - - - - - - - - - - - - - - - - - -
The following certificates are not due for renewal yet:
  /etc/letsencrypt/live/sanseitoaichi12.f5.si/fullchain.pem expires on 2026-11-10 (skipped)
No renewals were attempted.
- - - - - - - - - - - - - - - - - - - - - - - - - - - - - - - - - - - - - - - -
[2026-08-28 03:00:09] certbot renew 完了
[2026-08-28 03:00:09] main_nginx 起動中...
main_nginx
Error response from daemon: endpoint with name main_nginx already exists in network receipt_input_receipt_network
Error response from daemon: endpoint with name main_nginx already exists in network fastapi_nginx_project_activity_network
[2026-08-28 03:00:10] main_nginx 起動完了
[2026-08-28 03:00:15] nginx 設定リロード中...
2026/08/27 18:00:15 [warn] 23#23: the "listen ... http2" directive is deprecated, use the "http2" directive instead in /etc/nginx/nginx.conf:23
nginx: [warn] the "listen ... http2" directive is deprecated, use the "http2" directive instead in /etc/nginx/nginx.conf:23
2026/08/27 18:00:15 [warn] 23#23: the "listen ... http2" directive is deprecated, use the "http2" directive instead in /etc/nginx/nginx.conf:50
nginx: [warn] the "listen ... http2" directive is deprecated, use the "http2" directive instead in /etc/nginx/nginx.conf:50
2026/08/27 18:00:15 [notice] 23#23: signal process started
[2026-08-28 03:00:15] nginx リロード完了
[2026-08-28 03:00:15] 結果: 更新不要（期限まで余裕あり）
[2026-08-28 03:00:15] === 完了 ===

[2026-08-28 15:00:01] === SSL証明書更新チェック開始 ===
[2026-08-28 15:00:01] main_nginx 停止中...
main_nginx
[2026-08-28 15:00:02] main_nginx 停止完了
[2026-08-28 15:00:02] certbot renew 実行中...
Saving debug log to /var/log/letsencrypt/letsencrypt.log

- - - - - - - - - - - - - - - - - - - - - - - - - - - - - - - - - - - - - - - -
Processing /etc/letsencrypt/renewal/sanseitoaichi12.f5.si.conf
- - - - - - - - - - - - - - - - - - - - - - - - - - - - - - - - - - - - - - - -
Certificate not yet due for renewal

- - - - - - - - - - - - - - - - - - - - - - - - - - - - - - - - - - - - - - - -
The following certificates are not due for renewal yet:
  /etc/letsencrypt/live/sanseitoaichi12.f5.si/fullchain.pem expires on 2026-11-10 (skipped)
No renewals were attempted.
- - - - - - - - - - - - - - - - - - - - - - - - - - - - - - - - - - - - - - - -
[2026-08-28 15:00:05] certbot renew 完了
[2026-08-28 15:00:05] main_nginx 起動中...
main_nginx
Error response from daemon: endpoint with name main_nginx already exists in network receipt_input_receipt_network
Error response from daemon: endpoint with name main_nginx already exists in network fastapi_nginx_project_activity_network
[2026-08-28 15:00:06] main_nginx 起動完了
[2026-08-28 15:00:11] nginx 設定リロード中...
2026/08/28 06:00:11 [warn] 24#24: the "listen ... http2" directive is deprecated, use the "http2" directive instead in /etc/nginx/nginx.conf:23
nginx: [warn] the "listen ... http2" directive is deprecated, use the "http2" directive instead in /etc/nginx/nginx.conf:23
2026/08/28 06:00:11 [warn] 24#24: the "listen ... http2" directive is deprecated, use the "http2" directive instead in /etc/nginx/nginx.conf:50
nginx: [warn] the "listen ... http2" directive is deprecated, use the "http2" directive instead in /etc/nginx/nginx.conf:50
2026/08/28 06:00:11 [notice] 24#24: signal process started
[2026-08-28 15:00:11] nginx リロード完了
[2026-08-28 15:00:11] 結果: 更新不要（期限まで余裕あり）
[2026-08-28 15:00:11] === 完了 ===

[2026-08-29 03:00:01] === SSL証明書更新チェック開始 ===
[2026-08-29 03:00:01] main_nginx 停止中...
main_nginx
[2026-08-29 03:00:01] main_nginx 停止完了
[2026-08-29 03:00:01] certbot renew 実行中...
Saving debug log to /var/log/letsencrypt/letsencrypt.log

- - - - - - - - - - - - - - - - - - - - - - - - - - - - - - - - - - - - - - - -
Processing /etc/letsencrypt/renewal/sanseitoaichi12.f5.si.conf
- - - - - - - - - - - - - - - - - - - - - - - - - - - - - - - - - - - - - - - -
Certificate not yet due for renewal

- - - - - - - - - - - - - - - - - - - - - - - - - - - - - - - - - - - - - - - -
The following certificates are not due for renewal yet:
  /etc/letsencrypt/live/sanseitoaichi12.f5.si/fullchain.pem expires on 2026-11-10 (skipped)
No renewals were attempted.
- - - - - - - - - - - - - - - - - - - - - - - - - - - - - - - - - - - - - - - -
[2026-08-29 03:00:04] certbot renew 完了
[2026-08-29 03:00:04] main_nginx 起動中...
main_nginx
Error response from daemon: endpoint with name main_nginx already exists in network receipt_input_receipt_network
Error response from daemon: endpoint with name main_nginx already exists in network fastapi_nginx_project_activity_network
[2026-08-29 03:00:06] main_nginx 起動完了
[2026-08-29 03:00:11] nginx 設定リロード中...
2026/08/28 18:00:11 [warn] 23#23: the "listen ... http2" directive is deprecated, use the "http2" directive instead in /etc/nginx/nginx.conf:23
nginx: [warn] the "listen ... http2" directive is deprecated, use the "http2" directive instead in /etc/nginx/nginx.conf:23
2026/08/28 18:00:11 [warn] 23#23: the "listen ... http2" directive is deprecated, use the "http2" directive instead in /etc/nginx/nginx.conf:50
nginx: [warn] the "listen ... http2" directive is deprecated, use the "http2" directive instead in /etc/nginx/nginx.conf:50
2026/08/28 18:00:11 [notice] 23#23: signal process started
[2026-08-29 03:00:11] nginx リロード完了
[2026-08-29 03:00:11] 結果: 更新不要（期限まで余裕あり）
[2026-08-29 03:00:11] === 完了 ===

[2026-08-29 15:00:01] === SSL証明書更新チェック開始 ===
[2026-08-29 15:00:01] main_nginx 停止中...
main_nginx
[2026-08-29 15:00:04] main_nginx 停止完了
[2026-08-29 15:00:04] certbot renew 実行中...
Saving debug log to /var/log/letsencrypt/letsencrypt.log

- - - - - - - - - - - - - - - - - - - - - - - - - - - - - - - - - - - - - - - -
Processing /etc/letsencrypt/renewal/sanseitoaichi12.f5.si.conf
- - - - - - - - - - - - - - - - - - - - - - - - - - - - - - - - - - - - - - - -
Certificate not yet due for renewal

- - - - - - - - - - - - - - - - - - - - - - - - - - - - - - - - - - - - - - - -
The following certificates are not due for renewal yet:
  /etc/letsencrypt/live/sanseitoaichi12.f5.si/fullchain.pem expires on 2026-11-10 (skipped)
No renewals were attempted.
- - - - - - - - - - - - - - - - - - - - - - - - - - - - - - - - - - - - - - - -
[2026-08-29 15:00:08] certbot renew 完了
[2026-08-29 15:00:08] main_nginx 起動中...
main_nginx
Error response from daemon: endpoint with name main_nginx already exists in network receipt_input_receipt_network
Error response from daemon: endpoint with name main_nginx already exists in network fastapi_nginx_project_activity_network
[2026-08-29 15:00:09] main_nginx 起動完了
[2026-08-29 15:00:14] nginx 設定リロード中...
2026/08/29 06:00:14 [warn] 23#23: the "listen ... http2" directive is deprecated, use the "http2" directive instead in /etc/nginx/nginx.conf:23
nginx: [warn] the "listen ... http2" directive is deprecated, use the "http2" directive instead in /etc/nginx/nginx.conf:23
2026/08/29 06:00:14 [warn] 23#23: the "listen ... http2" directive is deprecated, use the "http2" directive instead in /etc/nginx/nginx.conf:50
nginx: [warn] the "listen ... http2" directive is deprecated, use the "http2" directive instead in /etc/nginx/nginx.conf:50
2026/08/29 06:00:14 [notice] 23#23: signal process started
[2026-08-29 15:00:14] nginx リロード完了
[2026-08-29 15:00:14] 結果: 更新不要（期限まで余裕あり）
[2026-08-29 15:00:14] === 完了 ===

[2026-08-30 03:00:01] === SSL証明書更新チェック開始 ===
[2026-08-30 03:00:01] main_nginx 停止中...
main_nginx
[2026-08-30 03:00:02] main_nginx 停止完了
[2026-08-30 03:00:02] certbot renew 実行中...
Saving debug log to /var/log/letsencrypt/letsencrypt.log

- - - - - - - - - - - - - - - - - - - - - - - - - - - - - - - - - - - - - - - -
Processing /etc/letsencrypt/renewal/sanseitoaichi12.f5.si.conf
- - - - - - - - - - - - - - - - - - - - - - - - - - - - - - - - - - - - - - - -
Certificate not yet due for renewal

- - - - - - - - - - - - - - - - - - - - - - - - - - - - - - - - - - - - - - - -
The following certificates are not due for renewal yet:
  /etc/letsencrypt/live/sanseitoaichi12.f5.si/fullchain.pem expires on 2026-11-10 (skipped)
No renewals were attempted.
- - - - - - - - - - - - - - - - - - - - - - - - - - - - - - - - - - - - - - - -
[2026-08-30 03:00:05] certbot renew 完了
[2026-08-30 03:00:05] main_nginx 起動中...
main_nginx
Error response from daemon: endpoint with name main_nginx already exists in network receipt_input_receipt_network
Error response from daemon: endpoint with name main_nginx already exists in network fastapi_nginx_project_activity_network
[2026-08-30 03:00:07] main_nginx 起動完了
[2026-08-30 03:00:12] nginx 設定リロード中...
2026/08/29 18:00:12 [warn] 23#23: the "listen ... http2" directive is deprecated, use the "http2" directive instead in /etc/nginx/nginx.conf:23
nginx: [warn] the "listen ... http2" directive is deprecated, use the "http2" directive instead in /etc/nginx/nginx.conf:23
2026/08/29 18:00:12 [warn] 23#23: the "listen ... http2" directive is deprecated, use the "http2" directive instead in /etc/nginx/nginx.conf:50
nginx: [warn] the "listen ... http2" directive is deprecated, use the "http2" directive instead in /etc/nginx/nginx.conf:50
2026/08/29 18:00:12 [notice] 23#23: signal process started
[2026-08-30 03:00:12] nginx リロード完了
[2026-08-30 03:00:12] 結果: 更新不要（期限まで余裕あり）
[2026-08-30 03:00:12] === 完了 ===

[2026-08-30 15:00:01] === SSL証明書更新チェック開始 ===
[2026-08-30 15:00:01] main_nginx 停止中...
main_nginx
[2026-08-30 15:00:03] main_nginx 停止完了
[2026-08-30 15:00:03] certbot renew 実行中...
Saving debug log to /var/log/letsencrypt/letsencrypt.log

- - - - - - - - - - - - - - - - - - - - - - - - - - - - - - - - - - - - - - - -
Processing /etc/letsencrypt/renewal/sanseitoaichi12.f5.si.conf
- - - - - - - - - - - - - - - - - - - - - - - - - - - - - - - - - - - - - - - -
Certificate not yet due for renewal

- - - - - - - - - - - - - - - - - - - - - - - - - - - - - - - - - - - - - - - -
The following certificates are not due for renewal yet:
  /etc/letsencrypt/live/sanseitoaichi12.f5.si/fullchain.pem expires on 2026-11-10 (skipped)
No renewals were attempted.
- - - - - - - - - - - - - - - - - - - - - - - - - - - - - - - - - - - - - - - -
[2026-08-30 15:00:06] certbot renew 完了
[2026-08-30 15:00:06] main_nginx 起動中...
main_nginx
Error response from daemon: endpoint with name main_nginx already exists in network receipt_input_receipt_network
Error response from daemon: endpoint with name main_nginx already exists in network fastapi_nginx_project_activity_network
[2026-08-30 15:00:08] main_nginx 起動完了
[2026-08-30 15:00:13] nginx 設定リロード中...
2026/08/30 06:00:13 [warn] 23#23: the "listen ... http2" directive is deprecated, use the "http2" directive instead in /etc/nginx/nginx.conf:23
nginx: [warn] the "listen ... http2" directive is deprecated, use the "http2" directive instead in /etc/nginx/nginx.conf:23
2026/08/30 06:00:13 [warn] 23#23: the "listen ... http2" directive is deprecated, use the "http2" directive instead in /etc/nginx/nginx.conf:50
nginx: [warn] the "listen ... http2" directive is deprecated, use the "http2" directive instead in /etc/nginx/nginx.conf:50
2026/08/30 06:00:13 [notice] 23#23: signal process started
[2026-08-30 15:00:13] nginx リロード完了
[2026-08-30 15:00:13] 結果: 更新不要（期限まで余裕あり）
[2026-08-30 15:00:13] === 完了 ===

[2026-08-31 03:00:01] === SSL証明書更新チェック開始 ===
[2026-08-31 03:00:01] main_nginx 停止中...
main_nginx
[2026-08-31 03:00:04] main_nginx 停止完了
[2026-08-31 03:00:04] certbot renew 実行中...
Saving debug log to /var/log/letsencrypt/letsencrypt.log

- - - - - - - - - - - - - - - - - - - - - - - - - - - - - - - - - - - - - - - -
Processing /etc/letsencrypt/renewal/sanseitoaichi12.f5.si.conf
- - - - - - - - - - - - - - - - - - - - - - - - - - - - - - - - - - - - - - - -
Certificate not yet due for renewal

- - - - - - - - - - - - - - - - - - - - - - - - - - - - - - - - - - - - - - - -
The following certificates are not due for renewal yet:
  /etc/letsencrypt/live/sanseitoaichi12.f5.si/fullchain.pem expires on 2026-11-10 (skipped)
No renewals were attempted.
- - - - - - - - - - - - - - - - - - - - - - - - - - - - - - - - - - - - - - - -
[2026-08-31 03:00:09] certbot renew 完了
[2026-08-31 03:00:09] main_nginx 起動中...
main_nginx
Error response from daemon: endpoint with name main_nginx already exists in network receipt_input_receipt_network
Error response from daemon: endpoint with name main_nginx already exists in network fastapi_nginx_project_activity_network
[2026-08-31 03:00:10] main_nginx 起動完了
[2026-08-31 03:00:15] nginx 設定リロード中...
2026/08/30 18:00:16 [warn] 24#24: the "listen ... http2" directive is deprecated, use the "http2" directive instead in /etc/nginx/nginx.conf:23
nginx: [warn] the "listen ... http2" directive is deprecated, use the "http2" directive instead in /etc/nginx/nginx.conf:23
2026/08/30 18:00:16 [warn] 24#24: the "listen ... http2" directive is deprecated, use the "http2" directive instead in /etc/nginx/nginx.conf:50
nginx: [warn] the "listen ... http2" directive is deprecated, use the "http2" directive instead in /etc/nginx/nginx.conf:50
2026/08/30 18:00:16 [notice] 24#24: signal process started
[2026-08-31 03:00:16] nginx リロード完了
[2026-08-31 03:00:16] 結果: 更新不要（期限まで余裕あり）
[2026-08-31 03:00:16] === 完了 ===

[2026-08-31 15:00:01] === SSL証明書更新チェック開始 ===
[2026-08-31 15:00:01] main_nginx 停止中...
main_nginx
[2026-08-31 15:00:03] main_nginx 停止完了
[2026-08-31 15:00:03] certbot renew 実行中...
Saving debug log to /var/log/letsencrypt/letsencrypt.log

- - - - - - - - - - - - - - - - - - - - - - - - - - - - - - - - - - - - - - - -
Processing /etc/letsencrypt/renewal/sanseitoaichi12.f5.si.conf
- - - - - - - - - - - - - - - - - - - - - - - - - - - - - - - - - - - - - - - -
Certificate not yet due for renewal

- - - - - - - - - - - - - - - - - - - - - - - - - - - - - - - - - - - - - - - -
The following certificates are not due for renewal yet:
  /etc/letsencrypt/live/sanseitoaichi12.f5.si/fullchain.pem expires on 2026-11-10 (skipped)
No renewals were attempted.
- - - - - - - - - - - - - - - - - - - - - - - - - - - - - - - - - - - - - - - -
[2026-08-31 15:00:06] certbot renew 完了
[2026-08-31 15:00:06] main_nginx 起動中...
main_nginx
Error response from daemon: endpoint with name main_nginx already exists in network receipt_input_receipt_network
Error response from daemon: endpoint with name main_nginx already exists in network fastapi_nginx_project_activity_network
[2026-08-31 15:00:08] main_nginx 起動完了
[2026-08-31 15:00:13] nginx 設定リロード中...
2026/08/31 06:00:13 [warn] 23#23: the "listen ... http2" directive is deprecated, use the "http2" directive instead in /etc/nginx/nginx.conf:23
nginx: [warn] the "listen ... http2" directive is deprecated, use the "http2" directive instead in /etc/nginx/nginx.conf:23
2026/08/31 06:00:13 [warn] 23#23: the "listen ... http2" directive is deprecated, use the "http2" directive instead in /etc/nginx/nginx.conf:50
nginx: [warn] the "listen ... http2" directive is deprecated, use the "http2" directive instead in /etc/nginx/nginx.conf:50
2026/08/31 06:00:13 [notice] 23#23: signal process started
[2026-08-31 15:00:13] nginx リロード完了
[2026-08-31 15:00:13] 結果: 更新不要（期限まで余裕あり）
[2026-08-31 15:00:13] === 完了 ===

[2026-09-01 03:00:01] === SSL証明書更新チェック開始 ===
[2026-09-01 03:00:01] main_nginx 停止中...
main_nginx
[2026-09-01 03:00:06] main_nginx 停止完了
[2026-09-01 03:00:06] certbot renew 実行中...
Saving debug log to /var/log/letsencrypt/letsencrypt.log

- - - - - - - - - - - - - - - - - - - - - - - - - - - - - - - - - - - - - - - -
Processing /etc/letsencrypt/renewal/sanseitoaichi12.f5.si.conf
- - - - - - - - - - - - - - - - - - - - - - - - - - - - - - - - - - - - - - - -
Certificate not yet due for renewal

- - - - - - - - - - - - - - - - - - - - - - - - - - - - - - - - - - - - - - - -
The following certificates are not due for renewal yet:
  /etc/letsencrypt/live/sanseitoaichi12.f5.si/fullchain.pem expires on 2026-11-10 (skipped)
No renewals were attempted.
- - - - - - - - - - - - - - - - - - - - - - - - - - - - - - - - - - - - - - - -
[2026-09-01 03:00:10] certbot renew 完了
[2026-09-01 03:00:10] main_nginx 起動中...
main_nginx
Error response from daemon: endpoint with name main_nginx already exists in network receipt_input_receipt_network
Error response from daemon: endpoint with name main_nginx already exists in network fastapi_nginx_project_activity_network
[2026-09-01 03:00:11] main_nginx 起動完了
[2026-09-01 03:00:16] nginx 設定リロード中...
2026/08/31 18:00:17 [warn] 23#23: the "listen ... http2" directive is deprecated, use the "http2" directive instead in /etc/nginx/nginx.conf:23
nginx: [warn] the "listen ... http2" directive is deprecated, use the "http2" directive instead in /etc/nginx/nginx.conf:23
2026/08/31 18:00:17 [warn] 23#23: the "listen ... http2" directive is deprecated, use the "http2" directive instead in /etc/nginx/nginx.conf:50
nginx: [warn] the "listen ... http2" directive is deprecated, use the "http2" directive instead in /etc/nginx/nginx.conf:50
2026/08/31 18:00:17 [notice] 23#23: signal process started
[2026-09-01 03:00:17] nginx リロード完了
[2026-09-01 03:00:17] 結果: 更新不要（期限まで余裕あり）
[2026-09-01 03:00:17] === 完了 ===

[2026-09-01 15:00:01] === SSL証明書更新チェック開始 ===
[2026-09-01 15:00:01] main_nginx 停止中...
main_nginx
[2026-09-01 15:00:06] main_nginx 停止完了
[2026-09-01 15:00:06] certbot renew 実行中...
Saving debug log to /var/log/letsencrypt/letsencrypt.log

- - - - - - - - - - - - - - - - - - - - - - - - - - - - - - - - - - - - - - - -
Processing /etc/letsencrypt/renewal/sanseitoaichi12.f5.si.conf
- - - - - - - - - - - - - - - - - - - - - - - - - - - - - - - - - - - - - - - -
Certificate not yet due for renewal

- - - - - - - - - - - - - - - - - - - - - - - - - - - - - - - - - - - - - - - -
The following certificates are not due for renewal yet:
  /etc/letsencrypt/live/sanseitoaichi12.f5.si/fullchain.pem expires on 2026-11-10 (skipped)
No renewals were attempted.
- - - - - - - - - - - - - - - - - - - - - - - - - - - - - - - - - - - - - - - -
[2026-09-01 15:00:10] certbot renew 完了
[2026-09-01 15:00:10] main_nginx 起動中...
main_nginx
Error response from daemon: endpoint with name main_nginx already exists in network receipt_input_receipt_network
Error response from daemon: endpoint with name main_nginx already exists in network fastapi_nginx_project_activity_network
[2026-09-01 15:00:12] main_nginx 起動完了
[2026-09-01 15:00:17] nginx 設定リロード中...
2026/09/01 06:00:17 [warn] 24#24: the "listen ... http2" directive is deprecated, use the "http2" directive instead in /etc/nginx/nginx.conf:23
nginx: [warn] the "listen ... http2" directive is deprecated, use the "http2" directive instead in /etc/nginx/nginx.conf:23
2026/09/01 06:00:17 [warn] 24#24: the "listen ... http2" directive is deprecated, use the "http2" directive instead in /etc/nginx/nginx.conf:50
nginx: [warn] the "listen ... http2" directive is deprecated, use the "http2" directive instead in /etc/nginx/nginx.conf:50
2026/09/01 06:00:17 [notice] 24#24: signal process started
[2026-09-01 15:00:17] nginx リロード完了
[2026-09-01 15:00:17] 結果: 更新不要（期限まで余裕あり）
[2026-09-01 15:00:17] === 完了 ===

[2026-09-02 03:00:01] === SSL証明書更新チェック開始 ===
[2026-09-02 03:00:01] main_nginx 停止中...
main_nginx
[2026-09-02 03:00:07] main_nginx 停止完了
[2026-09-02 03:00:07] certbot renew 実行中...
Saving debug log to /var/log/letsencrypt/letsencrypt.log

- - - - - - - - - - - - - - - - - - - - - - - - - - - - - - - - - - - - - - - -
Processing /etc/letsencrypt/renewal/sanseitoaichi12.f5.si.conf
- - - - - - - - - - - - - - - - - - - - - - - - - - - - - - - - - - - - - - - -
Certificate not yet due for renewal

- - - - - - - - - - - - - - - - - - - - - - - - - - - - - - - - - - - - - - - -
The following certificates are not due for renewal yet:
  /etc/letsencrypt/live/sanseitoaichi12.f5.si/fullchain.pem expires on 2026-11-10 (skipped)
No renewals were attempted.
- - - - - - - - - - - - - - - - - - - - - - - - - - - - - - - - - - - - - - - -
[2026-09-02 03:00:12] certbot renew 完了
[2026-09-02 03:00:12] main_nginx 起動中...
main_nginx
Error response from daemon: endpoint with name main_nginx already exists in network receipt_input_receipt_network
Error response from daemon: endpoint with name main_nginx already exists in network fastapi_nginx_project_activity_network
[2026-09-02 03:00:14] main_nginx 起動完了
[2026-09-02 03:00:19] nginx 設定リロード中...
2026/09/01 18:00:19 [warn] 24#24: the "listen ... http2" directive is deprecated, use the "http2" directive instead in /etc/nginx/nginx.conf:23
nginx: [warn] the "listen ... http2" directive is deprecated, use the "http2" directive instead in /etc/nginx/nginx.conf:23
2026/09/01 18:00:19 [warn] 24#24: the "listen ... http2" directive is deprecated, use the "http2" directive instead in /etc/nginx/nginx.conf:50
nginx: [warn] the "listen ... http2" directive is deprecated, use the "http2" directive instead in /etc/nginx/nginx.conf:50
2026/09/01 18:00:19 [notice] 24#24: signal process started
[2026-09-02 03:00:19] nginx リロード完了
[2026-09-02 03:00:19] 結果: 更新不要（期限まで余裕あり）
[2026-09-02 03:00:19] === 完了 ===

[2026-09-02 15:00:02] === SSL証明書更新チェック開始 ===
[2026-09-02 15:00:02] main_nginx 停止中...
main_nginx
[2026-09-02 15:00:04] main_nginx 停止完了
[2026-09-02 15:00:04] certbot renew 実行中...
Saving debug log to /var/log/letsencrypt/letsencrypt.log

- - - - - - - - - - - - - - - - - - - - - - - - - - - - - - - - - - - - - - - -
Processing /etc/letsencrypt/renewal/sanseitoaichi12.f5.si.conf
- - - - - - - - - - - - - - - - - - - - - - - - - - - - - - - - - - - - - - - -
Certificate not yet due for renewal

- - - - - - - - - - - - - - - - - - - - - - - - - - - - - - - - - - - - - - - -
The following certificates are not due for renewal yet:
  /etc/letsencrypt/live/sanseitoaichi12.f5.si/fullchain.pem expires on 2026-11-10 (skipped)
No renewals were attempted.
- - - - - - - - - - - - - - - - - - - - - - - - - - - - - - - - - - - - - - - -
[2026-09-02 15:00:08] certbot renew 完了
[2026-09-02 15:00:08] main_nginx 起動中...
main_nginx
Error response from daemon: endpoint with name main_nginx already exists in network receipt_input_receipt_network
Error response from daemon: endpoint with name main_nginx already exists in network fastapi_nginx_project_activity_network
[2026-09-02 15:00:09] main_nginx 起動完了
[2026-09-02 15:00:14] nginx 設定リロード中...
2026/09/02 06:00:14 [warn] 23#23: the "listen ... http2" directive is deprecated, use the "http2" directive instead in /etc/nginx/nginx.conf:23
nginx: [warn] the "listen ... http2" directive is deprecated, use the "http2" directive instead in /etc/nginx/nginx.conf:23
2026/09/02 06:00:14 [warn] 23#23: the "listen ... http2" directive is deprecated, use the "http2" directive instead in /etc/nginx/nginx.conf:50
nginx: [warn] the "listen ... http2" directive is deprecated, use the "http2" directive instead in /etc/nginx/nginx.conf:50
2026/09/02 06:00:14 [notice] 23#23: signal process started
[2026-09-02 15:00:14] nginx リロード完了
[2026-09-02 15:00:14] 結果: 更新不要（期限まで余裕あり）
[2026-09-02 15:00:14] === 完了 ===

[2026-09-03 03:00:01] === SSL証明書更新チェック開始 ===
[2026-09-03 03:00:01] main_nginx 停止中...
main_nginx
[2026-09-03 03:00:03] main_nginx 停止完了
[2026-09-03 03:00:03] certbot renew 実行中...
Saving debug log to /var/log/letsencrypt/letsencrypt.log

- - - - - - - - - - - - - - - - - - - - - - - - - - - - - - - - - - - - - - - -
Processing /etc/letsencrypt/renewal/sanseitoaichi12.f5.si.conf
- - - - - - - - - - - - - - - - - - - - - - - - - - - - - - - - - - - - - - - -
Certificate not yet due for renewal

- - - - - - - - - - - - - - - - - - - - - - - - - - - - - - - - - - - - - - - -
The following certificates are not due for renewal yet:
  /etc/letsencrypt/live/sanseitoaichi12.f5.si/fullchain.pem expires on 2026-11-10 (skipped)
No renewals were attempted.
- - - - - - - - - - - - - - - - - - - - - - - - - - - - - - - - - - - - - - - -
[2026-09-03 03:00:07] certbot renew 完了
[2026-09-03 03:00:07] main_nginx 起動中...
main_nginx
Error response from daemon: endpoint with name main_nginx already exists in network receipt_input_receipt_network
Error response from daemon: endpoint with name main_nginx already exists in network fastapi_nginx_project_activity_network
[2026-09-03 03:00:08] main_nginx 起動完了
[2026-09-03 03:00:13] nginx 設定リロード中...
2026/09/02 18:00:14 [warn] 24#24: the "listen ... http2" directive is deprecated, use the "http2" directive instead in /etc/nginx/nginx.conf:23
nginx: [warn] the "listen ... http2" directive is deprecated, use the "http2" directive instead in /etc/nginx/nginx.conf:23
2026/09/02 18:00:14 [warn] 24#24: the "listen ... http2" directive is deprecated, use the "http2" directive instead in /etc/nginx/nginx.conf:50
nginx: [warn] the "listen ... http2" directive is deprecated, use the "http2" directive instead in /etc/nginx/nginx.conf:50
2026/09/02 18:00:14 [notice] 24#24: signal process started
[2026-09-03 03:00:14] nginx リロード完了
[2026-09-03 03:00:14] 結果: 更新不要（期限まで余裕あり）
[2026-09-03 03:00:14] === 完了 ===

[2026-09-03 15:00:01] === SSL証明書更新チェック開始 ===
[2026-09-03 15:00:01] main_nginx 停止中...
main_nginx
[2026-09-03 15:00:03] main_nginx 停止完了
[2026-09-03 15:00:03] certbot renew 実行中...
Saving debug log to /var/log/letsencrypt/letsencrypt.log

- - - - - - - - - - - - - - - - - - - - - - - - - - - - - - - - - - - - - - - -
Processing /etc/letsencrypt/renewal/sanseitoaichi12.f5.si.conf
- - - - - - - - - - - - - - - - - - - - - - - - - - - - - - - - - - - - - - - -
Certificate not yet due for renewal

- - - - - - - - - - - - - - - - - - - - - - - - - - - - - - - - - - - - - - - -
The following certificates are not due for renewal yet:
  /etc/letsencrypt/live/sanseitoaichi12.f5.si/fullchain.pem expires on 2026-11-10 (skipped)
No renewals were attempted.
- - - - - - - - - - - - - - - - - - - - - - - - - - - - - - - - - - - - - - - -
[2026-09-03 15:00:07] certbot renew 完了
[2026-09-03 15:00:07] main_nginx 起動中...
main_nginx
Error response from daemon: endpoint with name main_nginx already exists in network receipt_input_receipt_network
Error response from daemon: endpoint with name main_nginx already exists in network fastapi_nginx_project_activity_network
[2026-09-03 15:00:09] main_nginx 起動完了
[2026-09-03 15:00:14] nginx 設定リロード中...
2026/09/03 06:00:14 [warn] 24#24: the "listen ... http2" directive is deprecated, use the "http2" directive instead in /etc/nginx/nginx.conf:23
nginx: [warn] the "listen ... http2" directive is deprecated, use the "http2" directive instead in /etc/nginx/nginx.conf:23
2026/09/03 06:00:14 [warn] 24#24: the "listen ... http2" directive is deprecated, use the "http2" directive instead in /etc/nginx/nginx.conf:50
nginx: [warn] the "listen ... http2" directive is deprecated, use the "http2" directive instead in /etc/nginx/nginx.conf:50
2026/09/03 06:00:14 [notice] 24#24: signal process started
[2026-09-03 15:00:14] nginx リロード完了
[2026-09-03 15:00:14] 結果: 更新不要（期限まで余裕あり）
[2026-09-03 15:00:14] === 完了 ===

[2026-09-04 03:00:01] === SSL証明書更新チェック開始 ===
[2026-09-04 03:00:01] main_nginx 停止中...
main_nginx
[2026-09-04 03:00:04] main_nginx 停止完了
[2026-09-04 03:00:04] certbot renew 実行中...
Saving debug log to /var/log/letsencrypt/letsencrypt.log

- - - - - - - - - - - - - - - - - - - - - - - - - - - - - - - - - - - - - - - -
Processing /etc/letsencrypt/renewal/sanseitoaichi12.f5.si.conf
- - - - - - - - - - - - - - - - - - - - - - - - - - - - - - - - - - - - - - - -
Certificate not yet due for renewal

- - - - - - - - - - - - - - - - - - - - - - - - - - - - - - - - - - - - - - - -
The following certificates are not due for renewal yet:
  /etc/letsencrypt/live/sanseitoaichi12.f5.si/fullchain.pem expires on 2026-11-10 (skipped)
No renewals were attempted.
- - - - - - - - - - - - - - - - - - - - - - - - - - - - - - - - - - - - - - - -
[2026-09-04 03:00:08] certbot renew 完了
[2026-09-04 03:00:08] main_nginx 起動中...
main_nginx
Error response from daemon: endpoint with name main_nginx already exists in network receipt_input_receipt_network
Error response from daemon: endpoint with name main_nginx already exists in network fastapi_nginx_project_activity_network
[2026-09-04 03:00:09] main_nginx 起動完了
[2026-09-04 03:00:14] nginx 設定リロード中...
2026/09/03 18:00:14 [warn] 23#23: the "listen ... http2" directive is deprecated, use the "http2" directive instead in /etc/nginx/nginx.conf:23
nginx: [warn] the "listen ... http2" directive is deprecated, use the "http2" directive instead in /etc/nginx/nginx.conf:23
2026/09/03 18:00:14 [warn] 23#23: the "listen ... http2" directive is deprecated, use the "http2" directive instead in /etc/nginx/nginx.conf:50
nginx: [warn] the "listen ... http2" directive is deprecated, use the "http2" directive instead in /etc/nginx/nginx.conf:50
2026/09/03 18:00:14 [notice] 23#23: signal process started
[2026-09-04 03:00:14] nginx リロード完了
[2026-09-04 03:00:14] 結果: 更新不要（期限まで余裕あり）
[2026-09-04 03:00:14] === 完了 ===

[2026-09-04 15:00:01] === SSL証明書更新チェック開始 ===
[2026-09-04 15:00:01] main_nginx 停止中...
main_nginx
[2026-09-04 15:00:02] main_nginx 停止完了
[2026-09-04 15:00:02] certbot renew 実行中...
Saving debug log to /var/log/letsencrypt/letsencrypt.log

- - - - - - - - - - - - - - - - - - - - - - - - - - - - - - - - - - - - - - - -
Processing /etc/letsencrypt/renewal/sanseitoaichi12.f5.si.conf
- - - - - - - - - - - - - - - - - - - - - - - - - - - - - - - - - - - - - - - -
Certificate not yet due for renewal

- - - - - - - - - - - - - - - - - - - - - - - - - - - - - - - - - - - - - - - -
The following certificates are not due for renewal yet:
  /etc/letsencrypt/live/sanseitoaichi12.f5.si/fullchain.pem expires on 2026-11-10 (skipped)
No renewals were attempted.
- - - - - - - - - - - - - - - - - - - - - - - - - - - - - - - - - - - - - - - -
[2026-09-04 15:00:06] certbot renew 完了
[2026-09-04 15:00:06] main_nginx 起動中...
main_nginx
Error response from daemon: endpoint with name main_nginx already exists in network receipt_input_receipt_network
Error response from daemon: endpoint with name main_nginx already exists in network fastapi_nginx_project_activity_network
[2026-09-04 15:00:08] main_nginx 起動完了
[2026-09-04 15:00:13] nginx 設定リロード中...
2026/09/04 06:00:13 [warn] 23#23: the "listen ... http2" directive is deprecated, use the "http2" directive instead in /etc/nginx/nginx.conf:23
nginx: [warn] the "listen ... http2" directive is deprecated, use the "http2" directive instead in /etc/nginx/nginx.conf:23
2026/09/04 06:00:13 [warn] 23#23: the "listen ... http2" directive is deprecated, use the "http2" directive instead in /etc/nginx/nginx.conf:50
nginx: [warn] the "listen ... http2" directive is deprecated, use the "http2" directive instead in /etc/nginx/nginx.conf:50
2026/09/04 06:00:13 [notice] 23#23: signal process started
[2026-09-04 15:00:13] nginx リロード完了
[2026-09-04 15:00:13] 結果: 更新不要（期限まで余裕あり）
[2026-09-04 15:00:13] === 完了 ===

[2026-09-05 03:00:01] === SSL証明書更新チェック開始 ===
[2026-09-05 03:00:01] main_nginx 停止中...
main_nginx
[2026-09-05 03:00:04] main_nginx 停止完了
[2026-09-05 03:00:04] certbot renew 実行中...
Saving debug log to /var/log/letsencrypt/letsencrypt.log

- - - - - - - - - - - - - - - - - - - - - - - - - - - - - - - - - - - - - - - -
Processing /etc/letsencrypt/renewal/sanseitoaichi12.f5.si.conf
- - - - - - - - - - - - - - - - - - - - - - - - - - - - - - - - - - - - - - - -
Certificate not yet due for renewal

- - - - - - - - - - - - - - - - - - - - - - - - - - - - - - - - - - - - - - - -
The following certificates are not due for renewal yet:
  /etc/letsencrypt/live/sanseitoaichi12.f5.si/fullchain.pem expires on 2026-11-10 (skipped)
No renewals were attempted.
- - - - - - - - - - - - - - - - - - - - - - - - - - - - - - - - - - - - - - - -
[2026-09-05 03:00:09] certbot renew 完了
[2026-09-05 03:00:09] main_nginx 起動中...
main_nginx
Error response from daemon: endpoint with name main_nginx already exists in network receipt_input_receipt_network
Error response from daemon: endpoint with name main_nginx already exists in network fastapi_nginx_project_activity_network
[2026-09-05 03:00:11] main_nginx 起動完了
[2026-09-05 03:00:16] nginx 設定リロード中...
2026/09/04 18:00:16 [warn] 24#24: the "listen ... http2" directive is deprecated, use the "http2" directive instead in /etc/nginx/nginx.conf:23
nginx: [warn] the "listen ... http2" directive is deprecated, use the "http2" directive instead in /etc/nginx/nginx.conf:23
2026/09/04 18:00:16 [warn] 24#24: the "listen ... http2" directive is deprecated, use the "http2" directive instead in /etc/nginx/nginx.conf:50
nginx: [warn] the "listen ... http2" directive is deprecated, use the "http2" directive instead in /etc/nginx/nginx.conf:50
2026/09/04 18:00:16 [notice] 24#24: signal process started
[2026-09-05 03:00:16] nginx リロード完了
[2026-09-05 03:00:16] 結果: 更新不要（期限まで余裕あり）
[2026-09-05 03:00:16] === 完了 ===

[2026-09-05 15:00:01] === SSL証明書更新チェック開始 ===
[2026-09-05 15:00:01] main_nginx 停止中...
main_nginx
[2026-09-05 15:00:04] main_nginx 停止完了
[2026-09-05 15:00:04] certbot renew 実行中...
Saving debug log to /var/log/letsencrypt/letsencrypt.log

- - - - - - - - - - - - - - - - - - - - - - - - - - - - - - - - - - - - - - - -
Processing /etc/letsencrypt/renewal/sanseitoaichi12.f5.si.conf
- - - - - - - - - - - - - - - - - - - - - - - - - - - - - - - - - - - - - - - -
Certificate not yet due for renewal

- - - - - - - - - - - - - - - - - - - - - - - - - - - - - - - - - - - - - - - -
The following certificates are not due for renewal yet:
  /etc/letsencrypt/live/sanseitoaichi12.f5.si/fullchain.pem expires on 2026-11-10 (skipped)
No renewals were attempted.
- - - - - - - - - - - - - - - - - - - - - - - - - - - - - - - - - - - - - - - -
[2026-09-05 15:00:08] certbot renew 完了
[2026-09-05 15:00:08] main_nginx 起動中...
main_nginx
Error response from daemon: endpoint with name main_nginx already exists in network receipt_input_receipt_network
Error response from daemon: endpoint with name main_nginx already exists in network fastapi_nginx_project_activity_network
[2026-09-05 15:00:09] main_nginx 起動完了
[2026-09-05 15:00:14] nginx 設定リロード中...
2026/09/05 06:00:14 [warn] 23#23: the "listen ... http2" directive is deprecated, use the "http2" directive instead in /etc/nginx/nginx.conf:23
nginx: [warn] the "listen ... http2" directive is deprecated, use the "http2" directive instead in /etc/nginx/nginx.conf:23
2026/09/05 06:00:14 [warn] 23#23: the "listen ... http2" directive is deprecated, use the "http2" directive instead in /etc/nginx/nginx.conf:50
nginx: [warn] the "listen ... http2" directive is deprecated, use the "http2" directive instead in /etc/nginx/nginx.conf:50
2026/09/05 06:00:14 [notice] 23#23: signal process started
[2026-09-05 15:00:14] nginx リロード完了
[2026-09-05 15:00:14] 結果: 更新不要（期限まで余裕あり）
[2026-09-05 15:00:14] === 完了 ===

